program_studi,pendapatan_ayah,pekerjaan_ayah,pendapatan_ibu,jumlah_tanggungan,pembayaran_listrik,pembayaran_pbb,pembayaran_PKB,daftar_KIPK,ukt_gaji,ukt_tanggungan,ukt_min,penghasilan(ayah),pekerjaan(ayah),pekerjaan(ibu),penghasilan(ibu),get_ukt,gaji/ tanggungan,UKT (Minimum) label
452,3000000,20,2000000,3,202000,51650,211500,0,3,5,3,0,0,0,0,0,1666667,3
452,3500000,3,900000,2,300000,0,400000,0,3,6,3,0,0,0,0,0,2200000,3
452,500000,1,1000000,3,100000,19660,0,1,1,2,1,0,0,0,0,0,500000,1
452,7500000,9,0,4,764391,94410,4500000,0,4,5,4,0,0,0,0,0,1875000,4
452,3000000,8,0,3,352242,95710,225000,0,2,3,2,0,0,0,0,0,1000000,2
452,4707400,15,0,4,627723,802000,207500,0,3,4,3,0,0,0,0,0,1176850,3
452,4500000,16,800000,2,100000,20000,233000,0,3,7,3,4500000,16,16,800000,1,2650000,3
452,2400000,20,0,3,100000,0,180000,0,2,3,2,0,0,0,0,0,800000,2
452,4285800,15,0,4,255824,62860,362120,0,3,3,3,4285800,15,20,0,1,1071450,3
452,1250000,2,150000,3,100000,20000,0,0,1,2,1,0,0,0,0,0,466667,1
452,2000000,20,0,3,50000,69000,200000,1,2,2,2,0,0,0,0,0,666667,2
452,1000000,2,0,6,31000,20000,0,1,1,1,1,0,0,0,0,0,166667,1
351,3621783,10,0,3,97931,119837,342000,0,2,4,2,0,0,0,0,0,1207261,2
351,3000000,9,0,3,700000,115800,207000,0,2,3,2,0,0,0,0,0,1000000,2
452,1500000,8,0,3,42265,16000,402000,1,1,2,1,0,0,0,0,0,500000,1
452,6000000,16,0,2,144186,72400,1544750,0,4,8,4,6000000,16,20,0,1,3000000,4
452,500000,17,350000,1,34619,12500,0,1,1,3,1,0,0,0,0,0,850000,1
452,3900000,12,0,2,22640,0,201500,0,2,5,2,0,0,0,0,0,1950000,2
452,800000,5,0,4,35000,18876,186500,1,1,1,1,0,0,0,0,0,200000,1
452,2500000,8,0,3,20000,0,1200000,1,2,3,2,0,0,0,0,0,833333,2
452,3500000,20,0,2,50000,114230,120000,1,2,5,2,0,0,0,0,0,1750000,2
452,400000,2,0,3,7860,40500,189500,1,1,1,1,0,0,0,0,0,133333,1
442,1200000,20,0,3,150000,300000,250000,0,1,2,1,0,0,0,0,0,400000,1
452,3800000,16,0,3,90000,61000,186000,1,2,4,2,0,0,0,0,0,1266667,2
452,1500000,20,4000000,5,200000,126091,1996750,0,3,3,3,0,0,0,0,0,1100000,3
461,300000,20,2800000,4,331000,38150,177500,0,2,3,2,0,0,0,0,0,775000,2
461,250000,2,0,2,46296,35000,800000,1,1,1,1,0,0,0,0,0,125000,1
452,1500000,20,0,5,60000,22263,206000,0,1,1,1,0,0,0,0,0,300000,1
461,1500000,5,0,3,60000,79560,284700,1,1,2,1,0,0,0,0,0,500000,1
452,1139200,15,0,4,121126,21932,357000,1,1,1,1,0,0,0,0,0,284800,1
425,8000000,15,0,4,370915,156340,2077920,0,5,6,5,8000000,15,20,0,1,2000000,5
452,5000000,9,0,4,668362,170128,221000,0,3,4,3,5000000,9,20,0,1,1250000,3
452,950000,2,0,3,28630,10000,221000,1,1,1,1,0,0,0,0,0,316667,1
452,3000000,8,0,5,202000,246910,342520,0,2,2,2,0,0,0,0,0,600000,2
452,1250000,20,0,5,53500,15000,222670,1,1,1,1,0,0,0,0,0,250000,1
461,1500000,3,0,5,400000,50091,150000,1,1,1,1,0,0,0,0,0,300000,1
461,7000000,20,0,2,250000,40000,190000,0,4,8,4,0,0,0,0,0,3500000,4
452,2000000,3,1000000,3,53000,0,188000,1,2,3,2,0,0,0,0,0,1000000,2
461,3519000,16,0,3,203000,0,200000,0,2,4,2,0,0,0,0,0,1173000,2
461,1000000,2,200000,3,37000,10000,159500,0,1,2,1,0,0,0,0,0,400000,1
461,1300000,20,1000000,1,566906,32660,219500,1,2,6,2,0,0,0,0,0,2300000,2
461,1500000,6,0,3,50000,24042,174000,0,1,2,1,0,0,0,0,0,500000,1
461,3000000,9,0,5,181818,55555,201500,0,2,2,2,0,0,0,0,0,600000,2
461,4127000,17,0,2,45000,0,0,0,3,6,2,4127000,17,20,0,1,2063500,2
461,2500000,9,0,3,772159,27740,250000,0,2,3,3,0,0,0,0,0,833333,3
461,4600000,15,0,3,263286,24549,219500,0,3,4,1,0,0,0,0,0,1533333,1
461,4600000,15,0,3,263286,24549,219500,0,3,4,1,0,0,0,0,0,1533333,1
461,650000,5,0,3,100000,0,225000,0,1,1,1,0,0,0,0,0,2096774,1
452,0,2,500000,6,66000,17000,0,1,1,1,1,0,2,2,500000,1,83333,1
461,1500000,16,0,2,368509,20000,186500,0,1,3,1,0,0,0,0,0,750000,1
461,0,20,1500000,1,100485,100000,0,1,1,4,2,0,0,0,0,0,0,2
452,2750000,8,0,5,460000,68000,231000,1,2,2,2,0,0,0,0,0,1500000,2
461,2000000,9,0,4,414954,29590,244960,0,2,2,4,0,0,0,0,0,550000,4
452,6500000,16,0,2,146517,13418,365500,0,4,8,3,0,0,0,0,0,500000,3
461,0,20,4395700,2,453622,74770,198500,0,3,6,2,0,0,0,0,0,3250000,2
452,3000000,2,0,4,181000,100676,219950,1,2,3,1,0,0,0,0,0,2197850,1
412,500000,2,0,2,23000,18000,141000,0,1,1,1,0,0,0,0,0,750000,1
461,1000000,5,0,3,53000,10000,255000,0,1,1,1,0,0,0,0,0,250000,1
452,0,20,750000,4,28566,36416,192500,1,1,1,1,0,0,0,0,0,333333,1
461,1400000,17,0,4,100000,139000,0,0,1,1,3,0,0,0,0,0,187500,3
452,4500000,16,0,3,287000,34000,426000,0,3,4,1,0,0,0,0,0,350000,1
461,5337000,16,0,3,835806,335640,320000,0,3,5,3,5337000,16,20,0,1,1779000,3
461,1000000,5,0,3,321261,51300,0,1,1,1,5,0,0,0,0,0,333333,5
461,1000000,9,4829700,3,50000,11016,340500,0,3,5,2,0,0,0,0,0,1943233,2
421,5163000,15,3735000,3,32958,72276,2197000,0,5,8,6,0,0,0,0,0,2966000,6
412,3200000,8,0,2,100000,0,374000,1,2,5,3,0,0,0,0,0,1600000,3
461,8359300,15,4519141,3,293818,138522,224500,0,7,8,1,0,0,0,0,0,4292814,1
412,5300000,15,0,5,505000,10000,900000,0,3,3,2,0,0,0,0,0,1060000,2
452,500000,10,500000,3,49459,6000,224000,1,1,1,3,0,0,0,0,0,333333,3
461,2000000,9,0,4,300000,60227,1881130,0,2,2,3,0,0,0,0,0,500000,3
461,4950000,16,1000000,2,430665,179347,222500,0,3,8,1,4950000,16,20,1000000,1,2975000,1
461,4010200,15,0,5,50000,1500,380000,0,3,3,3,0,0,0,0,0,802040,3
461,500000,2,0,4,44000,20000,120000,1,1,1,1,0,0,0,0,0,125000,1
461,4370000,16,0,4,282594,20020,236480,0,3,3,2,4370000,16,20,0,1,1092500,2
461,0,20,500000,6,57000,10000,0,1,1,1,3,0,0,0,0,0,83333,3
461,2000000,1,0,2,200000,277000,215000,0,2,3,3,0,0,0,0,0,1000000,3
411,5000000,15,0,5,200000,30000,300000,0,3,3,1,0,0,0,0,0,1000000,1
452,4072000,15,0,4,188000,58750,346500,0,3,3,2,4072000,15,20,0,1,1018000,2
452,1000000,2,0,1,59039,15000,250000,0,1,3,2,0,0,0,0,0,1000000,2
461,2000000,3,0,4,100000,0,300000,0,2,2,1,0,0,0,0,0,500000,1
461,0,20,3033000,2,150000,0,188000,0,2,4,2,0,0,0,0,0,1516500,2
461,750000,2,0,5,145000,0,206000,1,1,1,1,0,0,0,0,0,150000,1
412,1500000,2,1500000,2,45454,20000,0,1,2,4,2,0,0,0,0,0,1500000,2
425,1602000,16,0,7,323745,93452,221000,0,1,1,1,0,0,0,0,0,228857,1
411,3500000,9,0,3,575279,329530,2557500,1,2,4,3,0,0,0,0,0,1166667,3
461,0,20,500000,2,61983,29350,204500,1,1,1,2,0,0,0,0,0,250000,2
461,0,17,5325470,3,762124,279730,2342500,0,3,5,1,0,0,0,0,0,1775157,1
412,3938100,15,0,3,500000,109920,170000,0,2,4,1,0,0,0,0,0,1312700,1
461,500000,5,0,4,60000,10000,237500,1,1,1,3,0,0,0,0,0,125000,3
461,1000000,9,0,3,23435,47586,210500,0,1,1,1,0,0,0,0,0,333333,1
425,4500000,20,0,2,700000,50000,1500000,0,3,6,3,0,0,0,0,0,2250000,3
412,700000,1,0,1,15000,20000,0,1,1,2,1,0,0,0,0,0,700000,1
452,5000000,8,0,2,50000,147980,273000,0,3,7,6,0,0,0,0,0,2500000,6
412,500000,2,0,2,12419,42000,0,1,1,1,2,0,0,0,0,0,250000,2
461,10000000,20,1000000,4,800000,250152,213500,0,6,7,3,10000000,20,20,1000000,1,2750000,3
461,3110000,18,0,5,88000,0,242000,1,2,2,3,0,0,0,0,0,622000,3
411,4000000,8,0,2,251362,111158,207500,0,3,6,3,0,0,0,0,0,2000000,3
412,4500000,16,0,3,270000,22000,200000,0,3,4,5,0,0,0,0,0,1500000,5
412,5200000,15,0,3,400000,71708,366000,0,3,5,1,0,0,0,0,0,1733333,1
461,3859800,15,5600800,3,585101,82440,360590,0,5,8,4,0,0,0,0,0,3153533,4
461,1000000,20,0,3,28000,39000,230000,1,1,1,4,0,0,0,0,0,333333,4
425,6000000,15,0,4,280000,65000,2200000,0,4,4,4,0,0,0,0,0,1500000,4
412,3500000,17,3300000,3,55000,0,2115500,0,4,6,2,0,0,0,0,0,2266667,2
461,5294300,15,0,2,102000,20000,197000,0,3,7,1,5294300,15,20,0,1,3138228,1
412,3152956,15,3123500,2,321235,209431,159590,0,4,8,1,0,0,0,0,0,750000,1
461,0,20,2250000,3,307870,92668,186500,1,2,3,2,0,0,0,0,0,850000,2
411,1700000,10,0,2,53000,0,297000,1,1,3,2,0,0,0,0,0,250000,2
461,1000000,2,0,4,28697,52657,300000,1,1,1,2,0,0,0,0,0,900000,2
461,3600000,16,0,4,247000,50000,340000,0,2,3,1,0,0,0,0,0,666667,1
452,2000000,9,0,3,142347,78744,200000,0,2,2,1,0,0,0,0,0,902500,1
461,3610000,17,0,4,280000,194820,210500,0,2,3,1,0,0,0,0,0,62500,1
412,500000,10,0,8,135839,15000,0,1,1,1,1,0,0,0,0,0,333333,1
425,1000000,2,0,3,79000,10000,360000,1,1,1,1,0,0,0,0,0,250000,1
412,500000,2,0,2,1,38000,0,1,1,1,1,0,0,0,0,0,700000,1
461,700000,2,0,1,116537,12980,230770,1,1,2,3,0,0,0,0,0,160000,3
411,800000,3,0,5,50000,22712,206000,1,1,1,2,0,0,0,0,0,166667,2
412,500000,2,0,3,16352,5400,210000,1,1,1,3,0,0,0,0,0,1666667,3
461,5000000,20,0,3,477210,0,221000,0,3,5,2,5000000,20,20,0,1,913037,2
461,3652149,16,0,4,388210,74942,204500,0,2,3,6,0,0,0,0,0,2931500,6
411,2000000,20,3863000,2,216682,99392,207500,0,3,8,6,2000000,20,15,3863000,1,1599000,6
411,3198000,10,0,2,100000,10000,235000,1,2,5,1,0,0,0,0,0,7612900,1
411,6225500,15,9000300,2,654310,68072,143000,0,8,8,1,0,0,0,0,0,5000000,1
425,15000000,9,0,3,142847,248902,3244500,0,8,8,3,0,0,0,0,0,83333,3
412,500000,2,0,6,14253,20000,0,1,1,1,6,0,0,0,0,0,166667,6
411,0,20,500000,3,38000,22666,0,1,1,1,1,0,0,0,0,0,2000000,1
461,4000000,15,0,2,291542,68961,197300,0,3,6,1,4000000,15,20,0,1,2559900,1
461,5720700,15,4518900,4,200000,123983,177500,0,6,7,1,0,0,0,0,0,166667,1
421,500000,1,0,3,80000,50000,200000,0,1,1,1,0,0,0,0,0,250000,1
412,1000000,2,0,4,23700,19000,0,1,1,1,1,0,0,0,0,0,266667,1
411,0,20,800000,3,107000,10000,159500,0,1,1,4,0,0,0,0,0,450000,4
412,900000,20,0,2,136848,91772,316500,1,1,2,2,0,0,0,0,0,250000,2
411,0,20,1000000,4,200000,54000,209000,1,1,1,1,0,0,0,0,0,3205500,1
461,4767400,15,5304800,3,310799,69410,617200,0,6,8,1,4767400,15,15,5304800,1,400000,1
461,6411000,15,0,2,227542,48170,289750,0,4,8,1,0,0,0,0,0,233333,1
412,2000000,2,0,5,56289,71177,173000,0,2,2,3,0,0,0,0,0,500000,3
411,700000,5,0,3,48715,0,174000,1,1,1,1,0,0,0,0,0,37500,1
461,1000000,2,0,2,40000,0,222010,1,1,2,4,0,0,0,0,0,1666667,4
411,0,20,150000,4,23979,25341,0,1,1,1,2,0,20,2,150000,1,750000,2
425,5000000,15,0,3,200000,118140,1500000,0,3,5,1,0,0,0,0,0,3800000,1
425,1500000,9,0,2,202500,30490,207500,0,1,3,3,0,0,0,0,0,1000000,3
411,2100000,16,5500000,2,279226,45800,185000,0,4,8,2,2100000,16,15,5500000,1,83333,2
425,1000000,9,1000000,2,200000,38048,67000,1,2,3,1,0,0,0,0,0,937800,1
425,500000,2,0,6,56000,28000,170000,1,1,1,1,0,0,0,0,0,2000000,1
411,4689000,5,0,5,14033,48263,0,0,3,3,6,4689000,5,20,0,1,300000,6
411,2000000,2,0,1,101155,35000,453900,0,2,6,4,0,0,0,0,0,250000,4
461,300000,5,0,1,34598,15000,207000,0,1,1,1,0,0,0,0,0,2363800,1
425,750000,2,0,3,250000,0,0,1,1,1,2,0,0,0,0,0,3833965,2
425,7543931,15,6638869,6,367099,107945,2104000,0,8,6,4,7543931,15,15,6638869,1,333333,4
412,7667929,16,0,2,87689,12000,284000,1,4,8,3,0,0,0,0,0,666667,3
411,1000000,2,0,3,100000,13002,224000,1,1,1,1,0,0,0,0,0,1333333,1
461,0,9,2000000,3,940560,563537,323550,1,2,2,4,0,0,0,0,0,1250000,4
461,7000000,20,5000000,9,600000,250000,3200000,0,7,4,2,0,0,0,0,0,375000,2
412,5000000,9,0,4,202500,58564,5474420,0,3,4,1,0,0,0,0,0,3703450,1
461,1500000,9,0,4,33019,5000,200000,1,1,2,1,0,0,0,0,0,737500,1
412,1500000,10,5906900,2,22902,40160,201500,0,4,8,2,0,0,0,0,0,250000,2
425,5900000,15,0,8,600000,11600,374000,0,3,2,2,0,0,0,0,0,600000,2
425,1000000,9,0,4,143000,10000,394250,1,1,1,1,0,0,0,0,0,1712500,1
425,4337600,15,3112500,3,79000,136224,345880,0,4,6,1,4337600,15,15,3112500,1,1871000,1
461,1800000,5,0,3,45454,131500,182000,1,1,2,1,0,0,0,0,0,900000,1
425,1500000,20,1925000,2,178941,97002,225500,0,2,5,3,0,0,0,0,0,166667,3
411,3492000,20,250000,2,83374,10000,200560,0,2,5,2,0,0,0,0,0,386080,2
461,1000000,20,800000,2,60000,0,0,1,1,3,1,0,0,0,0,0,1689273,1
412,0,16,500000,3,100000,52000,225000,1,1,1,3,0,0,0,0,0,2300000,3
425,6000000,15,4000000,2,293000,10000,197000,0,6,8,1,6000000,15,15,4000000,1,125000,1
412,1930400,15,0,5,135111,21926,237500,1,1,2,1,0,0,0,0,0,820871,1
461,5067820,15,0,3,75000,10000,203000,0,3,5,3,0,0,0,0,0,125000,3
411,600000,20,3500000,3,90245,28484,255470,0,3,4,1,600000,20,20,3500000,1,500000,1
425,0,20,2300000,1,571923,76102,213500,1,2,6,1,0,0,0,0,0,4000000,1
411,500000,2,0,4,18000,28630,0,1,1,1,3,0,0,0,0,0,166667,3
411,5746100,15,0,7,27791,13495,450000,1,3,3,3,0,0,0,0,0,533300,3
411,500000,10,0,4,38700,0,0,1,1,1,1,0,0,0,0,0,980000,1
452,0,20,1000000,2,55385,45000,241420,1,1,2,1,0,0,0,0,0,1177400,1
412,500000,20,3500000,1,69924,169424,150000,0,3,8,1,0,0,0,0,0,500000,1
425,500000,5,0,3,50000,20000,264160,1,1,1,1,0,0,0,0,0,333333,1
412,1599900,17,0,3,30513,0,204500,1,1,2,5,0,0,0,0,0,175000,5
411,4900000,20,0,5,181800,45900,300000,0,3,3,3,0,0,0,0,0,214286,3
461,4709600,15,0,4,56289,58016,249500,0,3,4,2,0,0,0,0,0,3188200,2
421,1500000,2,0,3,50000,65000,100000,1,1,2,1,0,0,0,0,0,1144450,1
412,1000000,2,0,3,30000,0,150000,1,1,1,2,0,0,0,0,0,750000,2
461,700000,2,0,4,14445,15345,210500,1,1,1,1,0,0,0,0,0,340000,1
425,1500000,1,0,7,23975,17000,195500,0,1,1,6,0,0,0,0,0,750000,6
425,9564600,15,0,3,583000,0,0,0,5,8,6,9564600,15,20,0,1,333333,6
425,4577800,15,0,4,222856,34870,335000,0,3,3,2,0,0,0,0,0,8666667,2
411,0,20,3000000,4,881811,317542,2298810,0,2,3,2,0,0,0,0,0,2420000,2
412,1700000,2,0,5,204000,10000,270000,1,1,1,1,0,0,0,0,0,666667,1
412,3000000,10,0,4,350000,0,0,0,2,3,6,0,0,0,0,0,904860,6
411,1000000,2,0,3,26430,10000,270500,1,1,1,1,0,0,0,0,0,187500,1
461,20000000,18,6000000,3,600000,275000,2000000,0,8,8,1,20000000,18,16,6000000,1,4575785,1
411,5800000,15,6300000,5,90000,128000,179000,0,7,6,4,5800000,15,15,6300000,1,375000,4
411,2000000,10,0,3,252286,437645,377420,0,2,2,1,0,0,0,0,0,142857,1
425,3619440,12,0,4,316825,50474,190000,0,2,3,1,0,0,0,0,0,1200000,1
425,750000,5,0,4,40047,29667,0,1,1,1,1,0,0,0,0,0,500000,1
425,8900000,15,4827356,3,150000,54946,2800000,0,7,8,1,0,0,0,0,0,0,1
412,700000,10,800000,4,100000,10000,0,1,1,2,5,0,0,0,0,0,250000,5
412,1000000,2,0,7,11679,10905,0,1,1,1,1,0,0,0,0,0,312500,1
411,3000000,15,3000000,5,50000,40000,200000,0,4,4,1,0,0,0,0,0,4629309,1
412,1500000,8,0,3,100000,0,150000,1,1,2,1,0,0,0,0,0,150000,1
444,750000,20,0,3,14000,24625,192500,0,1,1,4,0,0,0,0,0,333333,4
421,19448840,18,0,5,1532281,144833,268000,0,8,8,1,19448840,18,20,0,1,100000,1
442,5549900,15,3564500,3,280000,20000,195500,0,5,8,1,0,0,0,0,0,3500000,1
411,500000,2,750000,4,22500,0,0,1,1,1,1,0,0,0,0,0,500000,1
444,4972600,15,4286017,2,169566,32500,182500,0,5,8,4,0,0,0,0,0,100000,4
421,300000,2,300000,4,29697,120915,0,1,1,1,2,0,0,0,0,0,100000,2
425,2000000,5,0,6,42000,26225,0,1,2,1,3,0,0,0,0,0,2117892,3
411,500000,5,0,5,52000,10000,184000,1,1,1,1,0,0,0,0,0,1224833,1
425,1300000,15,0,3,20000,113000,220000,0,1,2,1,1300000,15,20,0,1,5000000,1
425,7000000,9,0,2,500000,0,300000,0,4,8,6,0,0,0,0,0,266667,6
425,1500000,2,0,3,137000,0,207000,0,1,2,3,0,0,0,0,0,250000,3
421,500000,20,0,5,194849,53087,0,0,1,1,4,0,0,0,0,0,9300000,4
412,0,20,400000,4,30000,0,0,0,1,1,1,0,0,0,0,0,857143,1
411,6353675,17,0,3,930826,214512,2017250,0,4,6,1,6353675,17,20,0,1,1867000,1
442,3674500,17,0,3,36000,8381,171500,0,2,4,3,0,0,0,0,0,80000,3
425,1000000,2,4000000,1,104000,5000,165000,0,3,8,2,0,0,0,0,0,166667,2
421,800000,2,0,3,23000,10000,0,1,1,1,1,0,0,0,0,0,1776500,1
411,1000000,2,0,4,46000,20000,0,1,1,1,1,0,0,0,0,0,750000,1
426,9700000,15,8900000,2,320000,175500,315000,0,8,8,3,0,0,0,0,0,750000,3
443,6000000,15,0,7,250000,332000,1800000,0,4,3,4,0,0,0,0,0,250000,4
425,5488000,15,1980000,4,150000,140120,203650,0,4,5,6,5488000,15,20,1980000,1,1533333,6
426,240000,10,0,3,53405,10000,170000,1,1,1,6,0,0,0,0,0,1693325,6
411,0,20,500000,3,28594,33418,160500,1,1,1,2,0,0,0,0,0,4095817,2
425,0,15,5329500,3,182755,76140,2105800,0,3,5,1,0,15,15,5329500,1,49036981,1
425,3000000,20,0,4,363242,44043,658500,0,2,3,1,0,0,0,0,0,500000,1
421,1500000,16,0,2,22913,27900,186500,1,1,3,2,0,0,0,0,0,650000,2
425,750000,2,0,3,103000,85500,192500,0,1,1,2,0,0,0,0,0,250000,2
421,4350000,15,250000,3,500000,47280,187000,0,3,4,2,0,0,0,0,0,544613,2
411,2500000,16,4273300,4,651560,126785,270280,0,4,5,4,0,0,0,0,0,625000,4
425,12287450,16,0,3,161630,44614,230000,0,7,8,3,12287450,16,20,0,1,666667,3
425,49036981,18,0,1,410000,0,162500,0,8,8,3,0,0,0,0,0,7000000,3
411,3000000,7,0,6,200000,66825,200000,1,2,2,1,0,0,0,0,0,800000,1
421,650000,16,1300000,3,50000,0,200000,0,1,2,5,0,0,0,0,0,1444100,5
421,1000000,2,0,4,46732,10500,333000,0,1,1,1,0,0,0,0,0,1500000,1
421,4356900,17,0,8,206414,40756,210000,0,3,2,6,0,0,0,0,0,2907370,6
421,2500000,16,0,4,53000,54000,0,0,2,2,2,0,0,0,0,0,187500,2
443,2000000,10,0,3,30000,21000,177000,1,2,2,2,0,0,0,0,0,3750000,2
421,5000000,16,2000000,1,295000,55766,2000000,0,4,8,2,5000000,16,9,2000000,1,1650000,2
421,3000000,17,1000000,5,750088,404580,1635000,0,3,3,3,0,0,0,0,0,1500000,3
421,1955484,20,10110400,5,500000,83916,2644600,0,7,6,1,1955484,20,15,10110400,1,1000000,1
443,500000,2,3832300,3,16106,10000,200500,0,3,4,2,0,0,0,0,0,2000000,2
421,0,20,1500000,1,133449,208450,194500,0,1,4,1,0,0,0,0,0,250000,1
443,4000000,9,0,3,125938,122800,188000,0,3,4,5,4000000,9,9,0,1,3855244,5
421,8722111,18,0,3,200000,122960,500000,0,5,8,1,0,0,0,0,0,141667,1
421,500000,20,0,2,196336,31860,0,0,1,1,6,0,0,0,0,0,2900000,6
443,15000000,16,0,4,205000,56000,2000000,0,8,8,3,15000000,16,20,0,1,250000,3
443,3300000,16,0,2,540115,26226,227500,0,2,5,1,0,0,0,0,0,3236905,1
421,3000000,8,0,2,21901,71502,309000,0,2,4,3,0,0,0,0,0,816667,3
443,1000000,2,1000000,2,57000,18000,200000,1,2,3,2,0,0,0,0,0,300000,2
426,4000000,9,0,2,92592,36800,238000,0,3,6,2,0,0,0,0,0,833333,2
421,1000000,2,0,4,46000,10000,233000,1,1,1,3,0,0,0,0,0,541529,3
421,3855244,18,0,1,626352,0,342000,0,2,8,5,0,0,0,0,0,1166667,5
311,850000,2,0,6,167000,70000,0,1,1,1,3,0,0,0,0,0,1321106,3
426,8700000,15,0,3,1102884,204608,220000,0,5,8,1,8700000,15,20,0,1,2430000,1
421,8951000,15,3500000,5,456000,168650,222000,0,7,6,2,8951000,15,15,3500000,1,2513900,2
421,500000,8,0,2,196336,31860,0,0,1,1,4,0,0,0,0,0,250000,4
421,5300903,15,7646717,4,732179,119392,400000,0,7,8,2,5300903,15,15,7646717,1,2031750,2
421,4900000,16,0,6,600000,94000,249500,0,3,3,1,4900000,16,20,0,1,1750000,1
444,1200000,20,0,4,300000,30000,180000,1,1,1,1,0,0,0,0,0,906467,1
443,1000000,20,4000000,6,902782,132669,372830,0,3,3,3,1000000,20,16,4000000,1,125000,3
443,3790700,17,0,7,576869,0,231500,1,2,2,2,0,0,0,0,0,750000,2
444,3500000,10,0,3,188000,219000,200000,0,2,4,2,0,0,0,0,0,1033333,2
443,5284422,16,0,4,181818,50000,443600,1,3,4,3,5284422,16,20,0,1,850000,3
444,0,20,9720000,4,200000,20000,180000,0,5,6,4,0,0,0,0,0,666667,4
443,1500000,2,3527800,2,52500,10000,297500,0,3,7,1,1500000,2,16,3527800,1,1582583,1
444,1000000,2,0,4,47000,77408,157590,1,1,1,1,0,0,0,0,0,2583376,1
443,2031750,20,0,1,23000,10000,241400,0,2,6,2,0,0,0,0,0,500000,2
443,2000000,2,0,3,170000,65872,173000,0,2,2,1,0,0,0,0,0,1000000,1
422,5500000,20,1500000,4,500000,68931,228130,0,4,5,4,0,0,0,0,0,1000000,4
444,2719400,17,0,3,130649,23320,210500,1,2,3,1,0,0,0,0,0,375000,1
444,500000,16,0,4,12500,20000,0,1,1,1,1,0,0,0,0,0,1266780,1
444,1500000,9,0,2,23000,0,150000,1,1,3,2,0,0,0,0,0,150000,2
426,3000000,17,3200000,6,3200000,101000,206000,0,4,3,2,3000000,17,15,3200000,1,166667,2
443,3400000,16,0,4,150000,0,367500,0,2,3,1,0,0,0,0,0,1250000,1
443,2000000,2,0,3,170000,65872,173000,0,2,2,1,0,0,0,0,0,666667,1
444,4747750,16,0,3,103000,36724,321500,0,3,5,2,4747750,16,20,0,1,900000,2
443,7750128,18,0,3,120000,0,0,1,4,7,1,0,0,0,0,0,500000,1
426,1000000,20,0,2,290000,35000,0,1,1,2,3,0,0,0,0,0,1350000,3
443,1000000,4,0,1,45000,19200,282500,1,1,3,1,0,0,0,0,0,325000,1
443,2000000,2,0,2,159300,10000,300000,0,2,3,1,0,0,0,0,0,2500000,1
443,1500000,2,0,4,38000,33020,221000,0,1,2,1,1500000,2,20,0,1,142857,1
426,6333900,15,0,5,131250,14800,371300,0,4,4,2,0,0,0,0,0,375000,2
444,450000,20,0,3,53000,37500,0,1,1,1,2,0,0,0,0,0,466667,2
444,500000,1,500000,6,35000,21450,215000,1,1,1,1,0,0,0,0,0,1235000,1
444,2500000,9,8000000,3,25000,46764,0,0,6,8,1,2500000,9,15,8000000,1,1750000,1
443,1500000,2,1000000,2,27912,10000,221000,1,2,4,2,0,0,0,0,0,175000,2
442,2000000,2,0,3,20000,10000,0,0,2,2,2,0,0,0,0,0,125000,2
421,0,1,1800000,2,65817,67877,243000,1,1,3,2,0,0,0,0,0,400000,2
443,1500000,20,0,3,316067,59388,213500,0,1,2,1,0,0,0,0,0,800000,1
444,2700000,16,0,2,151220,53011,152000,1,2,4,2,0,0,0,0,0,1000000,2
422,650000,20,0,2,298085,73820,357000,1,1,1,6,0,0,0,0,0,166667,6
426,5000000,9,0,2,500000,100000,0,0,3,7,1,0,0,0,0,0,963318,1
444,1000000,5,0,7,198000,0,0,1,1,1,2,0,0,0,0,0,24700000,2
426,750000,4,0,2,90999,2920,0,0,1,2,3,0,0,0,0,0,1500000,3
426,1000000,1,400000,3,80000,200000,200000,0,1,2,1,0,0,0,0,0,666667,1
443,2470000,1,0,2,74618,34590,206000,1,2,4,5,2470000,1,20,0,1,1062650,5
442,3500000,20,0,2,45000,180000,250000,0,2,5,1,0,0,0,0,0,175000,1
444,350000,2,0,2,52000,32211,0,1,1,1,1,0,0,0,0,0,9585000,1
443,750000,2,0,6,22000,20000,213500,1,1,1,1,0,0,0,0,0,166667,1
444,2000000,2,0,5,22500,0,0,0,2,2,1,0,0,0,0,0,500000,1
444,2100000,20,300000,3,105757,20000,179000,0,2,3,1,0,0,0,0,0,1500000,1
443,0,20,2000000,2,177809,13900,192500,0,2,3,3,0,0,0,0,0,250000,3
444,500000,2,0,3,18000,10000,0,0,1,1,4,0,0,0,0,0,250000,4
426,3853270,16,0,4,255061,57018,197000,0,2,3,1,0,0,0,0,0,1012900,1
426,35400000,16,14000000,2,1366508,1479520,2962600,0,8,8,2,0,0,0,0,0,3402400,2
442,1000000,2,500000,1,231195,232262,255670,1,1,4,2,0,0,0,0,0,333333,2
426,0,20,2000000,3,500000,75000,1500000,0,2,2,3,0,0,0,0,0,500000,3
442,4250600,15,0,4,90909,10000,251500,0,3,3,1,0,0,0,0,0,1000000,1
444,700000,5,0,4,151720,15965,215000,1,1,1,1,0,0,0,0,0,971820,1
426,9585000,15,0,1,170000,0,168000,0,5,8,3,9585000,15,20,0,1,500000,3
442,500000,16,0,3,200000,1,0,0,1,1,1,0,0,0,0,0,500000,1
422,1000000,20,0,2,130000,117000,0,0,1,2,1,0,0,0,0,0,1175594,1
426,1500000,2,0,1,101520,15000,206000,1,1,4,1,0,0,0,0,0,1000000,1
443,1500000,8,0,6,185000,10000,0,1,1,1,2,0,0,0,0,0,375000,2
426,500000,2,500000,4,50000,14790,0,1,1,1,3,0,0,0,0,0,300000,3
444,1500000,17,3564500,5,90909,5000,201500,0,3,3,1,0,0,0,0,0,1166667,1
443,1500000,20,5304800,2,392621,208627,290900,0,4,8,1,0,0,0,0,0,1017289,1
444,1000000,20,0,3,100000,109990,260000,0,1,1,6,0,0,0,0,0,500000,6
443,2000000,20,0,4,200000,187768,210000,0,2,2,2,0,0,0,0,0,375000,2
444,2000000,20,0,2,289530,33422,210000,0,2,3,2,0,0,0,0,0,2600000,2
442,5387585,15,0,6,36000,10000,200000,0,3,3,2,5387585,15,20,0,1,1174067,2
426,4859100,15,0,5,200000,0,212000,0,3,3,4,4859100,15,20,0,1,1904150,4
442,1000000,2,0,2,13500,29015,360000,0,1,2,6,0,0,0,0,0,1250000,6
444,1500000,20,0,2,530604,25000,189500,0,1,3,1,1500000,20,20,0,1,2366879,1
426,1000000,7,0,2,100000,0,225500,1,1,2,6,0,0,0,0,0,2705000,6
422,5877971,15,0,5,307353,10000,361600,0,3,4,5,5877971,15,20,0,1,100000,5
422,500000,8,500000,1,80000,89000,150000,0,1,3,2,0,0,0,0,0,5333333,2
422,1500000,2,0,4,75000,50000,200000,1,1,2,3,0,0,0,0,0,2666667,3
432,1500000,2,0,5,30000,20000,150000,0,1,1,3,0,0,0,0,0,1050000,3
442,3000000,16,500000,3,76796,15840,209000,0,2,4,3,0,0,0,0,0,800000,3
444,0,20,5096400,4,105117,44449,240000,0,3,4,4,0,20,15,5096400,1,1312500,4
444,1000000,2,4086443,5,100000,10000,0,0,3,3,4,0,0,0,0,0,1506956,4
422,0,20,1000000,2,100000,0,0,1,1,2,3,0,0,0,0,0,2333333,3
426,1500000,2,0,4,107104,30000,310500,1,1,2,1,0,0,0,0,0,3750000,1
442,13000000,20,0,5,1013462,226480,2108220,0,7,7,2,0,0,0,0,0,666667,2
426,3522200,15,0,3,601867,58279,403340,0,2,4,2,0,0,0,0,0,166667,2
426,0,20,3808300,2,1,0,183500,0,2,5,2,0,0,0,0,0,600000,2
442,0,20,2500000,2,200000,51250,190000,1,2,4,1,0,0,0,0,0,1166667,1
426,2620338,16,4480300,3,276645,76655,219500,0,4,6,1,0,0,0,0,0,600000,1
444,10820000,16,0,4,300175,108685,1101250,0,6,7,2,10820000,16,20,0,1,100000,2
426,600000,2,0,6,100000,10000,0,1,1,1,3,0,0,0,0,0,300000,3
444,8000000,15,8000000,3,108468,33527,2275000,0,8,8,3,0,0,0,0,0,1054683,3
422,8000000,8,0,3,391847,86418,11323500,0,5,7,1,0,0,0,0,0,1025000,1
444,1400000,2,700000,2,100000,104000,0,1,2,3,3,0,0,0,0,0,1666667,3
442,4000000,20,0,5,105000,10000,295000,1,3,3,2,0,0,0,0,0,375000,2
442,4000000,20,0,5,105000,10000,295000,1,3,3,4,0,0,0,0,0,1058620,4
432,5250000,16,0,4,143000,49000,366000,0,3,4,1,0,0,0,0,0,625000,1
442,4420869,20,100000,3,52500,50000,208500,0,3,4,2,0,0,0,0,0,3867000,2
422,5000000,9,2000000,3,154500,200000,8000000,0,4,6,1,0,0,0,0,0,250000,1
432,500000,2,7000000,2,214500,10000,217000,0,4,8,2,0,0,0,0,0,587500,2
422,3000000,20,1000000,6,221593,17000,0,0,3,2,1,0,0,0,0,0,500000,1
426,500000,7,500000,6,49000,10000,300000,1,1,1,1,0,0,0,0,0,1750000,1
442,2400000,16,0,4,282594,103680,0,0,2,2,4,0,0,0,0,0,400000,4
432,3500000,16,0,3,85636,54100,324000,0,2,4,1,0,0,0,0,0,700000,1
432,3000000,8,0,5,96694,251384,2771720,0,2,2,5,0,0,0,0,0,2391200,5
444,500000,2,0,5,50000,10000,0,0,1,1,4,0,0,0,0,0,600000,4
426,1500000,10,0,5,200000,17000,201500,1,1,1,1,0,0,0,0,0,4863750,1
426,3164050,9,0,3,235003,36370,182000,1,2,3,1,0,0,0,0,0,3774150,1
432,4100000,16,0,4,354966,484704,232720,0,3,3,5,0,0,0,0,0,200000,5
432,5000000,16,0,3,110000,120000,2000000,1,3,5,4,0,0,0,0,0,125000,4
442,0,20,750000,2,25000,27489,378000,0,1,2,1,0,0,0,0,0,1995518,1
426,5293100,15,0,5,74935,0,209000,0,3,3,3,0,0,0,0,0,1250000,3
422,2500000,9,0,4,100000,36656,376940,0,2,2,2,0,0,0,0,0,166667,2
421,3000000,3,4734000,2,1000000,343174,1844000,0,4,8,2,3000000,3,15,4734000,1,840600,2
432,1000000,2,0,4,20712,20000,0,0,1,1,2,0,0,0,0,0,400000,2
443,2350000,16,0,4,212670,99840,254280,0,2,2,2,0,0,0,0,0,833333,2
442,1000000,2,0,2,15000,20700,0,0,1,2,2,0,0,0,0,0,1000000,2
444,3500000,9,0,2,309000,10000,1575060,0,2,5,1,0,0,0,0,0,1000000,1
426,1200000,9,0,3,13000,44450000,0,1,1,2,3,0,0,0,0,0,992125,3
442,700000,2,0,1,90000,30000,150000,1,1,2,1,0,0,0,0,0,250000,1
432,3642000,15,3531600,3,230542,18000,477000,0,4,6,3,0,0,0,0,0,4500000,3
422,0,20,1200000,2,120000,10769,315000,1,1,2,1,0,0,0,0,0,350000,1
426,5332600,15,4394900,2,140000,10000,2243000,0,5,8,2,0,0,0,0,0,2037678,2
442,3903500,17,3644800,2,321235,68621,2235000,0,4,8,1,3903500,17,17,3644800,1,500000,1
444,1000000,2,0,5,40043,48344,0,0,1,1,1,0,0,0,0,0,817667,1
426,250000,5,0,2,40314,89600,0,1,1,1,2,0,0,0,0,0,250000,2
426,250000,5,0,2,40314,89600,0,1,1,1,3,0,0,0,0,0,375000,3
426,5865850,15,4111740,5,217157,19571,100000,0,5,5,1,0,0,0,0,0,1166667,1
432,10000000,15,0,8,87700,10000,675000,0,6,4,1,0,0,0,0,0,1716667,1
442,500000,2,0,3,50000,10000,170000,1,1,1,1,0,0,0,0,0,142857,1
426,4203000,17,0,5,178246,212239,215000,0,3,3,2,4203000,17,20,0,1,500000,2
442,500000,16,1500000,5,50000,19000,0,1,2,2,1,0,0,0,0,0,625000,1
442,2500000,5,0,3,215670,31420,201500,0,2,3,1,0,0,0,0,0,1166667,1
442,3000000,17,0,3,159130,74333,213500,0,2,3,1,0,0,0,0,0,242857,1
426,3000000,16,0,3,59014,12466,260000,1,2,3,1,0,0,0,0,0,500000,1
422,3968500,15,0,4,189887,72694,255500,0,2,3,1,0,0,0,0,0,240000,1
422,3500000,9,1000000,4,102500,139929,100000,0,3,3,1,3500000,9,8,1000000,1,83333,1
426,500000,2,0,2,56345,9000,223000,1,1,1,1,0,0,0,0,0,250000,1
412,1500000,20,3000000,1,450000,56560,245400,0,3,8,2,0,0,0,0,0,200000,2
432,700000,8,0,2,71784,25216,192800,1,1,1,2,0,0,0,0,0,250000,2
426,4075355,18,0,2,377794,51231,733500,0,3,6,2,0,0,0,0,0,733333,2
442,1000000,5,0,2,45000,40778,177500,1,1,2,1,0,0,0,0,0,631000,1
432,2453000,2,0,3,103000,20000,284500,1,2,3,1,0,0,0,0,0,333333,1
422,1500000,1,0,6,52500,10000,200000,0,1,1,6,0,0,0,0,0,333333,6
442,750000,5,0,2,52000,10000,186500,1,1,2,2,0,0,0,0,0,100000,2
422,3500000,9,0,3,500000,268500,255500,0,2,4,5,0,0,0,0,0,4746667,5
422,5150000,15,0,3,520569,47040,436000,0,3,5,1,0,0,0,0,0,1025000,1
444,1000000,2,0,7,38748,22500,243500,1,1,1,2,0,0,0,0,0,2081181,2
432,1500000,5,0,3,48099,10000,365000,1,1,2,1,0,0,0,0,0,100000,1
442,1250000,2,0,2,47400,15455,397500,0,1,2,1,0,0,0,0,0,1166667,1
432,1500000,8,2000000,3,200000,82826,213000,0,2,4,1,0,0,0,0,0,200000,1
432,700000,20,1000000,7,86033,96470,215500,1,1,1,5,0,0,0,0,0,200000,5
422,500000,5,0,1,23163,55849,0,1,1,2,1,0,0,0,0,0,125000,1
442,1200000,7,0,5,42000,24000,209000,1,1,1,4,0,0,0,0,0,2933333,4
442,0,20,250000,3,18534,34930,0,0,1,1,2,0,0,0,0,0,250000,2
442,0,20,1000000,4,23896,21600,175000,1,1,1,1,0,0,0,0,0,1532030,1
442,500000,2,100000,3,165105,15000,258100,0,1,1,1,0,0,0,0,0,766667,1
432,1000000,1,0,4,60000,23640,173000,0,1,1,1,0,0,0,0,0,500000,1
422,2200000,15,0,3,1,1,0,0,2,2,1,0,0,0,0,0,187500,1
432,3155000,16,0,5,250000,29000,258000,0,2,2,1,0,0,0,0,0,250000,1
422,1000000,2,1000000,6,45000,12000,0,1,2,1,6,0,0,0,0,0,250000,6
432,1000000,3,0,3,50000,10000,213000,1,1,1,1,0,0,0,0,0,178571,1
422,500000,20,0,5,258798,132690,0,0,1,1,2,0,0,0,0,0,4666667,2
422,14240000,9,0,3,453647,183350,2553500,0,8,8,1,14240000,9,20,0,1,500000,1
422,3075000,20,0,3,100000,0,226500,1,2,3,1,0,0,0,0,0,1100000,1
422,5133225,15,3191500,4,534000,26600,3162000,0,5,6,3,0,0,0,0,0,40000,3
432,500000,7,0,5,1,1,0,1,1,1,3,0,0,0,0,0,83333,3
422,3000000,16,500000,3,316000,11000,251000,0,2,4,1,0,0,0,0,0,4400000,1
432,1000000,8,0,5,150000,26380,213000,0,1,1,2,0,0,0,0,0,5000000,2
432,1000000,2,0,5,35000,10000,215000,1,1,1,1,0,0,0,0,0,200000,1
432,500000,5,0,4,33401,10000,0,0,1,1,3,500000,5,20,0,1,666667,3
422,4500000,16,4300000,3,500000,23000,2350000,0,5,8,2,0,0,0,0,0,83333,2
432,750000,2,0,3,26180,35190,145000,1,1,1,4,0,0,0,0,0,800000,4
432,5128120,16,1000000,4,148246,59541,206000,0,4,4,1,5128120,16,16,1000000,1,750000,1
432,2000000,16,300000,3,316790,43296,285500,0,2,3,1,0,0,0,0,0,2252667,1
426,1000000,2,0,2,18000,34000,0,1,1,2,4,0,0,0,0,0,1000000,4
432,750000,2,0,4,113000,16000,250000,0,1,1,6,0,0,0,0,0,100000,6
442,1000000,9,0,4,113010,0,205500,1,1,1,2,0,0,0,0,0,3875000,2
421,1000000,2,0,4,20000,91944,207000,0,1,1,2,0,0,0,0,0,3433333,2
443,750000,2,500000,7,24000,17920,211000,1,1,1,1,0,0,0,0,0,600000,1
432,5000000,20,9000000,3,1500000,1356494,6393870,0,8,8,2,0,0,0,0,0,625000,2
422,1000000,8,0,2,203300,85320,100000,1,1,2,2,0,0,0,0,0,500000,2
432,2200000,16,0,2,132000,38000,3200000,0,2,3,4,0,0,0,0,0,700000,4
422,400000,2,0,10,46000,10000,0,1,1,1,1,0,0,0,0,0,666667,1
411,500000,2,0,6,32000,29315,0,0,1,1,1,0,0,0,0,0,7408300,1
312,1500000,10,2900000,1,12590,34593,335000,0,3,8,3,0,0,0,0,0,166667,3
323,5000000,9,0,1,165274,21000,1500000,0,3,8,2,0,0,0,0,0,333333,2
341,1000000,2,0,5,100300,89925,100000,0,1,1,2,0,0,0,0,0,1946166,2
332,2000000,16,0,3,747000,34000,342000,0,2,2,3,0,0,0,0,0,666667,3
311,0,20,250000,3,21274,11011,0,0,1,1,1,0,0,0,0,0,666667,1
343,3000000,10,1000000,5,554802,52261,284000,0,3,3,2,0,0,0,0,0,1042300,2
341,3000000,16,0,4,120000,70000,200000,0,2,3,1,0,0,0,0,0,500000,1
341,3000000,16,3758000,3,500000,68415,207500,0,4,6,2,0,0,0,0,0,1000000,2
341,1000000,5,0,1,89000,20000,349000,0,1,3,2,0,0,0,0,0,66667,2
332,500000,2,0,5,37000,10000,222500,1,1,1,1,0,0,0,0,0,662817,1
312,7750000,16,0,2,59416,132124,250000,0,4,8,2,0,0,0,0,0,1500000,2
312,5400000,15,4900000,3,200000,0,1926000,0,6,8,2,0,0,0,0,0,250000,2
322,3000000,20,0,5,400000,27000,170000,0,2,2,1,0,0,0,0,0,3500000,1
321,2500000,10,0,4,273170,50413,321820,0,2,2,1,0,0,0,0,0,1000000,1
312,1500000,2,0,3,3,14630,100000,1,1,2,1,0,0,0,0,0,900000,1
312,500000,1,0,1,120000,186000,0,0,1,2,1,0,0,0,0,0,250000,1
323,2800000,16,0,4,52840,40516,213000,0,2,2,1,0,0,0,0,0,333333,1
331,2000000,2,0,3,90909,10000,212000,1,2,2,1,0,0,0,0,0,125000,1
344,2813200,17,4595100,1,306389,65408,2672600,0,4,8,4,0,0,0,0,0,83333,4
331,2000000,20,9000000,3,232245,21250,1000000,0,6,8,1,2000000,20,15,9000000,1,125000,1
323,500000,2,0,3,50000,10000,336000,1,1,1,1,0,0,0,0,0,3000000,1
342,1000000,5,0,3,158917,10000,240000,0,1,1,2,0,0,0,0,0,500000,2
323,2348698,15,3489800,3,100000,47629,250000,0,3,5,1,0,0,0,0,0,250000,1
323,2000000,8,0,3,53539,20000,388130,0,2,2,1,0,0,0,0,0,750000,1
321,6703500,15,6157490,3,300440,26167,3000000,0,7,8,6,6703500,15,15,6157490,1,250000,6
342,2000000,10,0,3,547585,219596,191500,0,2,2,1,0,0,0,0,0,416667,1
343,5211500,15,0,5,58001,18000,1425500,0,3,3,3,0,0,0,0,0,2155260,3
312,500000,1,0,1,120000,186000,0,0,1,2,2,0,0,0,0,0,500000,2
321,3000000,1,0,3,100000,20176,200000,0,2,3,3,0,0,0,0,0,1685000,3
341,400000,3,0,6,50000,70800,397500,1,1,1,4,0,0,0,0,0,600000,4
342,3976900,15,0,6,231041,115333,403240,0,2,2,1,0,0,0,0,0,5000000,1
331,3000000,8,0,2,400000,100000,300000,0,2,4,4,0,0,0,0,0,3040500,4
323,1500000,20,0,6,52000,10000,186500,0,1,1,1,0,0,0,0,0,250000,1
321,3500000,9,0,1,441750,102000,350000,0,2,8,3,0,0,0,0,0,1791750,3
312,2000000,1,0,2,110974,27075,336000,1,2,3,2,0,0,0,0,0,166667,2
312,800000,20,1000000,2,27513,52848,231500,1,1,3,2,0,0,0,0,0,1000000,2
321,1000000,3,0,4,304876,49710,360000,0,1,1,4,0,0,0,0,0,1500000,4
321,1000000,3,0,4,304876,49710,360000,0,1,1,1,0,0,0,0,0,5710200,1
344,1000000,2,0,3,55000,29487,200000,0,1,1,1,0,0,0,0,0,3750000,1
311,500000,2,0,4,42992,0,216500,1,1,1,2,0,0,0,0,0,400000,2
331,500000,20,0,6,1,1,1,1,1,1,2,0,0,0,0,0,83333,2
332,500000,2,0,4,150000,44908,200000,1,1,1,1,0,0,0,0,0,1500000,1
312,6000000,15,0,2,266234,10233,237310,0,4,8,3,0,0,0,0,0,932577,3
341,0,1,1000000,2,37381,0,202120,0,1,2,3,0,0,0,0,0,107143,3
322,1000000,16,0,4,120000,177000,309000,0,1,1,1,0,0,0,0,0,1333333,1
312,3000000,1,0,4,490327,158704,242520,1,2,3,2,0,0,0,0,0,4851500,2
311,0,20,500000,2,50000,40000,200000,0,1,1,5,0,0,0,0,0,250000,5
341,750000,2,500000,3,157150,21728,0,1,1,2,1,0,0,0,0,0,800000,1
341,10776300,15,0,5,500000,221960,405000,0,6,6,1,10776300,15,20,0,1,2275000,1
341,1000000,10,0,2,268000,37000,156000,1,1,2,2,0,0,0,0,0,100000,2
331,5055000,15,0,3,227000,64700,265000,0,3,5,4,0,0,0,0,0,200000,4
343,0,20,3000000,5,300000,52000,300000,0,2,2,3,0,0,0,0,0,1083333,3
311,5000000,20,0,1,1811940,516060,1379500,0,3,8,1,0,0,0,0,0,1619800,1
341,6081000,15,0,2,152382,40200,100000,0,4,8,1,0,0,0,0,0,2082500,1
332,1000000,2,0,4,23388,10000,0,1,1,1,1,0,0,0,0,0,125000,1
331,0,2,7167000,4,109828,10000,155000,0,4,5,1,0,0,0,0,0,375000,1
343,500000,2,0,3,53000,10000,0,0,1,1,1,0,0,0,0,0,583333,1
341,6000000,20,0,6,19000,72936,204500,0,4,3,3,0,0,0,0,0,500000,3
332,3000000,17,0,2,216907,32220,385070,0,2,4,3,0,0,0,0,0,500000,3
332,5210200,15,500000,1,766891,27060,1921500,0,3,8,1,0,0,0,0,0,2250000,1
311,7500000,16,0,2,1342849,379294,900000,0,4,8,4,0,0,0,0,0,1782400,4
332,600000,2,200000,2,190000,29351,215500,0,1,2,2,0,0,0,0,0,738600,2
331,500000,20,0,6,40000,10000,200000,1,1,1,1,0,0,0,0,0,1750000,1
341,2000000,1,2000000,4,408046,18029,186500,0,3,3,3,2000000,1,1,2000000,1,1900000,3
321,3000000,8,0,2,200000,280000,360000,0,2,4,3,0,0,0,0,0,166667,3
321,3730308,15,0,4,48755,39032,213130,0,2,3,1,0,0,0,0,0,1333333,1
321,3730308,15,0,4,48755,39032,213130,0,2,3,3,0,0,0,0,0,4997500,3
331,750000,5,0,7,78822,5000,0,1,1,1,1,0,0,0,0,0,500000,1
311,4000000,9,0,3,200000,102660,320000,0,3,4,5,0,0,0,0,0,1089880,5
331,1000000,3,3851500,1,181818,48091,144400,0,3,8,1,1000000,3,16,3851500,1,142857,1
342,1500000,2,0,6,100000,0,0,1,1,1,4,0,0,0,0,0,3214624,4
311,3200000,17,0,4,144258,19039,266000,0,2,3,2,0,0,0,0,0,200000,2
312,4000000,15,5100000,4,386000,63500,540000,0,5,6,2,4000000,15,15,5100000,1,2166667,2
331,500000,2,0,5,80000,0,0,1,1,1,1,0,0,0,0,0,333333,1
311,1000000,7,0,5,30513,13381,216500,1,1,1,3,0,0,0,0,0,333333,3
311,3250000,16,0,3,266036,0,210500,0,2,3,3,0,0,0,0,0,500000,3
342,0,13,6479200,4,407989,10004,0,0,4,5,2,0,0,0,0,0,2150000,2
342,4165000,15,0,2,308120,34776,198500,0,3,6,2,0,0,0,0,0,1666667,2
342,750000,2,0,6,33000,20000,0,1,1,1,2,0,0,0,0,0,3000000,2
321,750000,2,0,2,23702,22500,186500,1,1,2,1,0,0,0,0,0,400000,1
312,1750000,5,0,3,73418,10000,0,1,1,2,6,0,0,0,0,0,405000,6
331,1500000,16,0,3,199000,0,100000,0,1,2,4,0,0,0,0,0,250000,4
341,1500000,4,0,3,60461,61775,318500,0,1,2,1,0,0,0,0,0,5749023,1
311,4500000,9,0,2,700000,2500000,2400000,0,3,6,3,0,0,0,0,0,1627500,3
331,5347200,15,0,3,172541,62175,194320,0,3,5,1,0,0,0,0,0,128571,1
321,1477200,17,0,2,80000,53000,200000,1,1,2,5,0,0,0,0,0,2450000,5
322,3500000,10,3500000,4,103000,205000,343000,0,4,5,4,0,0,0,0,0,500000,4
322,3500000,16,300000,2,676308,90586,2400000,0,2,5,2,0,0,0,0,0,2267308,2
321,500000,2,0,3,17000,100000,0,1,1,1,1,0,0,0,0,0,2039667,1
344,4000000,2,0,3,45450,15000,209000,0,3,4,1,0,0,0,0,0,500000,1
344,0,20,4997500,1,29150,62120,210500,0,3,8,4,0,0,0,0,0,1000000,4
321,1000000,10,0,2,13461,14299,293550,1,1,2,2,0,0,0,0,0,250000,2
312,5449400,15,0,5,50625,25000,344000,0,3,3,1,0,0,0,0,0,2314500,1
341,1000000,2,0,7,7953,20000,0,1,1,1,1,0,0,0,0,0,666667,1
341,5000000,9,4643872,3,409993,29936,1777010,0,5,8,3,0,0,0,0,0,83333,3
331,1000000,5,0,5,17445,20000,0,1,1,1,3,0,0,0,0,0,330333,3
312,3000000,3,3500000,3,352466,41863,260000,1,4,6,2,0,0,0,0,0,2250000,2
311,2000000,2,0,6,98694,33255,185000,1,2,1,4,0,0,0,0,0,2408500,4
331,2000000,2,0,6,560299,1249894,0,1,2,1,3,0,0,0,0,0,750000,3
341,1000000,2,0,2,50215,5000,273550,0,1,2,1,0,0,0,0,0,3004750,1
332,4300000,17,0,2,214182,10000,360000,0,3,6,2,0,0,0,0,0,1881967,2
311,5000000,9,0,3,336000,34000,351000,0,3,5,2,0,0,0,0,0,250000,2
344,3000000,9,0,1,102500,37120,232720,0,2,8,2,0,0,0,0,0,1750000,2
344,1000000,2,1000000,5,24000,20000,231000,1,2,2,2,0,0,0,0,0,966667,2
331,2025000,16,0,5,202500,0,0,0,2,2,2,0,0,0,0,0,1000000,2
331,1000000,2,0,4,54000,53655,170930,1,1,1,3,0,0,0,0,0,3600000,3
341,17247068,9,0,3,502000,48360,996790,0,8,8,4,0,0,0,0,0,500000,4
323,6200000,15,310000,4,427000,112000,1500000,0,4,5,3,0,0,0,0,0,1333333,3
331,900000,2,0,7,109828,25554,204000,0,1,1,1,0,0,0,0,0,1875000,1
322,4900000,15,0,2,180000,115000,380000,0,3,6,1,0,0,0,0,0,1479025,1
322,1000000,2,0,2,124700,10000,0,1,1,2,3,0,0,0,0,0,750000,3
312,9069230,15,0,4,1366008,242567,2520340,0,5,6,1,9069230,15,20,0,0,300000,1
312,0,20,6119000,3,259786,91215,364300,0,4,6,3,0,0,0,0,0,1507082,3
343,1000000,2,1000000,4,227317,28040,330000,0,2,2,2,0,0,0,0,0,16667,2
343,1000000,3,0,1,203233,276020,325000,1,1,3,1,0,0,0,0,0,1666667,1
341,1000000,2,0,4,22000,10000,230200,0,1,1,1,0,0,0,0,0,500000,1
323,6943500,15,0,3,298953,145350,210500,0,4,6,2,0,0,0,0,0,125000,2
331,1000000,5,1000000,3,19623,10000,0,1,2,2,1,0,0,0,0,0,500000,1
312,500000,2,0,6,103000,20000,300000,1,1,1,1,0,0,0,0,0,1250000,1
311,1482000,17,500000,6,917536,93776,505000,0,1,1,6,0,0,0,0,0,500000,6
323,500000,2,4000000,2,178000,10000,0,1,3,6,2,0,0,0,0,0,200000,2
311,0,20,4817000,2,100000,86930,196000,0,3,6,3,0,0,0,0,0,8092500,3
323,2250000,16,0,3,103000,5000,250000,0,2,3,1,0,0,0,0,0,2000000,1
311,1900000,15,3745900,3,100779,23056,0,1,3,5,1,0,0,0,0,0,1479025,1
323,1936800,17,4072700,2,152707,88209,200000,0,4,8,2,0,0,0,0,0,500000,2
311,1900000,15,3745900,3,100779,23056,0,1,3,5,3,0,0,0,0,0,566667,3
323,1000000,7,0,4,51500,10000,192940,1,1,1,3,1000000,7,20,0,1,990100,3
342,3500000,16,0,2,266209,60704,212000,0,2,5,1,0,0,0,0,0,1145060,1
342,2900000,16,0,3,157169,30000,0,0,2,3,1,0,0,0,0,0,1367779,1
331,2000000,3,0,2,670000,0,0,0,2,3,1,0,0,0,0,0,250000,1
341,3600000,17,0,1,148000,10000,200000,0,2,8,3,0,0,0,0,0,416667,3
321,0,20,2000000,4,81000,35768,2404000,0,2,2,3,0,0,0,0,0,333333,3
321,0,20,4000000,3,755000,108000,234500,0,3,4,6,0,0,0,0,0,2150000,6
341,7500000,2,0,4,75124,84136,2623950,0,4,5,1,0,0,0,0,0,1752067,1
321,0,20,5916100,4,370000,72240,190000,0,3,4,6,0,0,0,0,0,2500000,6
342,1500000,17,0,2,300000,49000,200000,0,1,3,1,1500000,17,20,0,1,375000,1
311,1500000,9,0,5,431000,16000,0,1,1,1,2,0,0,0,0,0,3341467,2
323,4521246,15,0,3,93337,88532,390000,0,3,4,2,4521246,15,20,0,1,250000,2
343,100000,2,0,6,63117,20000,197000,1,1,1,1,0,0,0,0,0,500000,1
343,5000000,9,0,3,706735,94688,1900000,0,3,5,1,0,0,0,0,0,3000000,1
321,2500000,2,0,5,363974,90886,242000,0,2,2,2,0,0,0,0,0,875000,2
312,500000,9,0,4,52000,59345,218950,0,1,1,1,0,0,0,0,0,333333,1
311,0,20,500000,1,181250,18725,224000,1,1,2,1,0,0,0,0,0,1190500,1
341,2500000,2,0,2,249943,31000,199500,0,2,4,2,0,0,0,0,0,83333,2
311,1000000,17,0,2,53500,56128,200000,1,1,2,1,0,0,0,0,0,500000,1
322,0,20,1000000,5,420429,0,221000,0,1,1,3,0,0,0,0,0,1500000,3
322,10000000,9,6185000,2,206690,8784,219000,0,8,8,1,0,0,0,0,0,750000,1
321,0,20,2000000,1,400000,80000,230000,0,2,6,3,0,0,0,0,0,5442100,3
342,5916100,15,0,4,812977,63670,513000,0,3,4,1,0,0,0,0,0,250000,1
332,500000,2,0,1,198363,16000,300000,0,1,2,2,0,0,0,0,0,2265788,2
341,1700000,9,0,3,100000,10000,214000,1,1,2,2,0,0,0,0,0,7143,2
322,3960400,20,0,4,314200,31370,419000,0,2,3,1,0,0,0,0,0,2636495,1
311,1500000,5,4225300,5,189000,5000,160000,0,3,3,3,0,0,0,0,0,666667,3
311,4103338,16,0,3,300000,0,0,1,3,4,3,0,0,0,0,0,500000,3
322,500000,2,0,2,30000,10000,219500,0,1,1,6,0,0,0,0,0,2050000,6
332,1666667,4,0,4,71000,18000,233000,0,1,2,2,0,0,0,0,0,1425000,2
321,1000000,20,0,3,80000,145440,310500,0,1,1,3,0,0,0,0,0,4303500,3
311,4300000,15,0,2,300000,10000,213000,0,3,6,2,0,0,0,0,0,750000,2
323,1300000,17,3956200,3,10300,48700,213000,1,3,5,5,1300000,17,17,3956200,1,4000000,5
332,15000000,19,0,6,500000,64000,4600000,0,8,7,1,15000000,19,20,0,1,1819750,1
312,1500000,2,0,4,17490,5000,209000,1,1,2,4,0,0,0,0,0,4391450,4
311,5245700,15,4778700,3,875204,97961,2136254,0,6,8,3,5245700,15,15,4778700,1,400000,3
322,0,20,1000000,4,179977,41264,225500,1,1,1,1,0,0,0,0,0,2500000,1
312,2000000,1,0,4,100000,22000,204000,0,2,2,1,0,0,0,0,0,1333333,1
331,3000000,3,0,1,82575,44277,216500,0,2,8,1,0,0,0,0,0,1000000,1
331,1750000,16,0,2,197573,93550,349000,0,1,3,2,0,0,0,0,0,112500,2
311,1000000,2,0,3,40000,14586,188080,0,1,1,6,0,0,0,0,0,500000,6
331,3571500,17,0,3,200000,62512,192900,0,2,4,3,0,0,0,0,0,1250000,3
342,500000,2,0,6,23435,20000,217590,0,1,1,3,0,0,0,0,0,2142857,3
341,1000000,2,0,2,49000,88000,200000,0,1,2,3,0,0,0,0,0,1714004,3
343,3000000,10,0,2,267000,206000,380000,0,2,4,3,0,0,0,0,0,4300000,3
341,1500000,20,0,2,65552,305545,188000,0,1,3,1,0,0,0,0,0,1250000,1
311,0,20,5442100,1,566656,56668,207500,0,3,8,1,0,0,0,0,0,2826373,1
322,500000,5,0,2,12000,10000,0,1,1,1,3,0,0,0,0,0,125000,3
312,0,20,4531576,2,266234,34190,464000,0,3,6,2,0,0,0,0,0,333333,2
341,0,20,50000,7,20000,17000,0,1,1,1,1,0,0,0,0,0,2571750,1
323,7909485,16,0,3,357716,206964,222400,0,4,7,2,0,0,0,0,0,428571,2
344,1000000,1,1000000,3,132412,27160,176110,0,2,2,5,0,0,0,0,0,125000,5
341,1500000,8,0,3,53000,23270,177500,0,1,2,3,0,0,0,0,0,666667,3
332,4100000,20,0,2,300000,231000,192000,0,3,6,1,4100000,20,20,0,1,3200000,1
311,2700000,16,3000000,4,239000,63000,217000,0,3,4,1,2700000,16,15,3000000,1,2300000,1
311,17214000,16,0,4,1224000,54827,397310,0,8,8,2,17214000,16,20,0,1,500000,2
311,3000000,8,0,4,264000,300000,500000,0,2,3,3,0,0,0,0,0,483333,3
341,0,20,4000000,1,851117,0,225500,1,3,8,1,0,0,0,0,0,715575,1
321,3639500,15,0,2,500000,58582,1998250,0,2,5,1,0,0,0,0,0,2250000,1
331,5671100,15,3111800,2,102500,0,349500,0,5,8,5,0,0,0,0,0,375000,5
311,1200000,2,0,3,419541,40018,397000,0,1,2,3,0,0,0,0,0,125000,3
311,1200000,2,0,3,419541,40018,397000,0,1,2,1,0,0,0,0,0,4294200,1
321,5500000,9,2000000,3,102500,20000,2205000,0,4,7,3,0,0,0,0,0,1282000,3
322,2000000,20,2000000,3,500000,111178,200000,0,3,4,2,0,0,0,0,0,375000,2
332,1000000,1,0,1,90909,29387,0,1,1,3,3,0,0,0,0,0,1123540,3
332,675000,4,0,6,28900,77000,900000,1,1,1,1,0,0,0,0,0,1283333,1
312,1500000,2,0,3,100000,20000,218050,1,1,2,2,0,0,0,0,0,1500000,2
312,2500000,9,0,2,77778,75050,360000,0,2,4,1,0,0,0,0,0,71429,1
332,15000000,19,0,7,400000,64000,4000000,0,8,6,2,15000000,19,20,0,1,1000000,2
331,5142013,16,0,3,487853,34909,360000,0,3,5,3,0,0,0,0,0,166667,3
323,300000,16,4000000,1,356979,54450,235680,0,3,8,3,0,0,0,0,0,2889600,3
323,0,20,5000000,4,185000,200000,200000,0,3,4,1,0,0,0,0,0,1333333,1
311,0,20,5652745,2,241939,44381,235500,0,3,7,5,0,0,0,0,0,1728000,5
341,500000,2,0,4,26350,10000,226960,0,1,1,1,0,0,0,0,0,316667,1
332,1000000,10,0,3,1,0,0,1,1,1,2,0,0,0,0,0,1900000,2
332,5971957,15,4500000,2,800000,54000,360000,0,6,8,1,5971957,15,15,4500000,1,310000,1
312,5143500,15,0,2,444290,89254,249500,0,3,7,5,5143500,15,20,0,1,750000,5
312,3000000,3,0,7,52000,10000,186500,0,2,2,5,0,0,0,0,0,214286,5
332,0,20,500000,4,15267,10000,0,1,1,1,1,0,0,0,0,0,4133567,1
312,2000000,16,0,3,53000,10000,200000,0,2,2,4,0,0,0,0,0,1915985,4
344,9600000,15,0,3,335600,45600,3139000,0,5,8,6,9600000,15,20,0,1,500000,6
322,2800000,16,1800000,2,100000,114000,272000,0,3,6,1,0,0,0,0,0,2533333,1
341,1000000,2,0,2,117000,20000,650000,0,1,2,1,0,0,0,0,0,3358933,1
323,1450000,1,0,3,258000,48000,400000,0,1,2,1,0,0,0,0,0,1500000,1
331,2862300,17,0,4,166844,79923,182000,0,2,2,4,0,0,0,0,0,214286,4
321,3000000,8,1500000,2,200000,72653,197000,0,3,6,1,0,0,0,0,0,166667,1
331,750000,20,0,2,31602,0,2031500,0,1,2,1,0,0,0,0,0,7328200,1
341,0,20,500000,4,52750,130000,207500,1,1,1,6,0,0,0,0,0,600000,6
322,4000000,15,4588400,2,764212,151000,645000,0,5,8,3,4000000,15,15,4588400,1,333333,3
322,1500000,16,3628000,4,45000,10000,690000,0,3,4,3,0,0,0,0,0,5666667,3
311,1500000,20,0,4,57940,248224,226500,0,1,2,2,0,0,0,0,0,1333333,2
344,1000000,2,4617700,5,209695,51189,183500,0,3,3,2,1000000,2,15,4617700,1,4200000,2
312,3500000,16,350000,3,380249,74157,157750,1,2,4,2,0,0,0,0,0,625000,2
311,1000000,20,3500000,3,292461,56134,1700000,0,3,4,1,0,0,0,0,0,766667,1
312,500000,1,0,7,285000,59000,0,1,1,1,5,0,0,0,0,0,1403250,5
322,2000000,8,1000000,3,203000,30000,257640,0,2,3,1,0,0,0,0,0,500000,1
321,0,20,500000,3,120000,154870,215000,1,1,1,1,0,0,0,0,0,2168250,1
311,7722300,15,7007900,3,360000,20000,2595250,0,8,8,3,7722300,15,15,7007900,1,300000,3
331,2889600,15,0,1,260612,30441,240370,0,2,7,2,0,0,0,0,0,500000,2
344,4000000,9,0,3,340000,55000,290000,0,3,4,2,0,0,0,0,0,2655000,2
331,3523600,15,8029700,3,373456,96450,1961250,0,6,8,2,3523600,15,15,8029700,1,1190500,2
322,5184000,15,0,3,400000,134000,2700000,0,3,5,6,0,0,0,0,0,500000,6
323,0,20,1900000,6,102116,38048,212500,0,1,1,1,0,0,0,0,0,3300000,1
343,9000000,15,500000,5,102500,40266,760000,0,5,5,2,0,0,0,0,0,3333333,2
321,1500000,5,50000,5,142797,41738,198500,0,1,1,2,0,0,0,0,0,166667,2
351,3000000,20,0,4,197323,35822,366000,0,2,3,1,3000000,20,20,0,1,1500000,1
323,1500000,2,0,7,32000,25000,201500,0,1,1,1,0,0,0,0,0,1500000,1
311,4000000,16,4267134,2,1780428,569702,0,0,5,8,2,4000000,16,15,4267134,1,125000,2
323,5579924,15,4000000,5,874044,188000,3585000,0,5,5,1,0,0,0,0,0,1000000,1
322,500000,3,0,1,23000,0,216000,1,1,2,2,0,0,0,0,0,1681282,2
312,3700000,16,3900000,3,100000,58819,2400000,0,4,7,1,0,0,0,0,0,125000,1
323,5600000,15,4476800,3,516000,47395,200000,0,6,8,4,0,0,0,0,0,666667,4
311,1500000,9,0,1,90909,6760,206800,0,1,4,3,0,0,0,0,0,350000,3
351,1500000,10,0,7,85636,29260,211300,0,1,1,3,0,0,0,0,0,1200000,3
452,500000,4,0,3,239465,5000,199060,0,1,1,2,0,0,0,0,0,1388366,2
342,2000000,9,5328200,1,520546,55406,1700000,0,4,8,2,0,0,0,0,0,1000000,2
322,1800000,16,0,3,50150,21214,214900,1,1,2,1,0,0,0,0,0,1015574,1
343,2000000,2,0,6,23000,10000,200000,0,2,1,6,0,0,0,0,0,1750000,6
361,10000000,15,7000000,3,248322,20000,195500,0,8,8,1,0,0,0,0,0,250000,1
344,4000000,16,0,3,100000,10800,1690000,0,3,4,1,0,0,0,0,0,2727440,1
323,0,20,4200000,1,150000,12400,138000,0,3,8,1,0,0,0,0,0,50000,1
331,5000000,9,0,8,1661844,387240,446000,0,3,2,1,0,0,0,0,0,500000,1
351,1300000,20,1000000,3,200000,70000,340000,0,2,3,2,0,0,0,0,0,250000,2
351,2806500,15,0,2,94000,53080,275000,0,2,4,1,0,0,0,0,0,433333,1
351,1000000,2,0,2,54000,20000,0,1,1,2,1,0,0,0,0,0,750000,1
361,5673000,15,3000000,4,75847,17000,150000,0,5,6,4,0,0,0,0,0,500000,4
343,1500000,2,0,5,42317,10000,0,0,1,1,2,0,0,0,0,0,656028,2
342,1000000,1,0,2,190000,298000,214000,1,1,2,6,0,0,0,0,0,7420400,6
342,4310000,15,1000000,2,300000,43700,1335000,0,3,7,1,0,0,0,0,0,860645,1
312,3571500,17,0,3,33598,0,210000,0,2,4,1,0,0,0,0,0,13000000,1
351,2000000,20,0,4,100000,10000,200000,0,2,2,3,0,0,0,0,0,166667,3
332,1500000,20,1800000,1,552277,14361,210500,1,2,8,3,0,0,0,0,0,0,3
341,7000000,8,3000000,3,386000,89000,3500000,0,6,8,1,7000000,8,8,3000000,1,1456995,1
351,500000,2,0,3,14000,50000,243000,0,1,1,4,0,0,0,0,0,2000000,4
361,7647166,15,3725900,7,522837,201283,3150000,0,6,5,3,7647166,15,15,3725900,1,100000,3
331,3000000,8,0,2,200000,0,201500,1,2,4,4,0,0,0,0,0,3763250,4
323,3000000,9,0,2,506000,70300,379000,0,2,4,4,0,0,0,0,0,1139800,4
351,500000,2,0,4,19755,0,100000,1,1,1,2,0,0,0,0,0,2366600,2
323,1000000,8,0,1,127000,336845,176000,0,1,3,1,0,0,0,0,0,2240767,1
351,3362564,18,0,2,237728,32823,366000,0,2,5,1,0,0,0,0,0,1500000,1
452,500000,5,0,4,17996,10000,0,1,1,1,2,0,0,0,0,0,500000,2
351,2000000,10,0,3,50000,0,147000,1,2,2,3,0,0,0,0,0,166667,3
351,750000,2,300000,3,52800,19000,182000,1,1,1,2,0,0,0,0,0,666667,2
311,6000000,16,0,5,300000,109000,360000,0,4,4,2,6000000,16,20,0,1,2000000,2
322,4165099,16,0,3,327184,68820,215000,0,3,4,5,0,0,0,0,0,660000,5
361,4000000,3,0,4,1011000,264000,200000,0,3,3,3,0,0,0,0,0,1250000,3
332,3046723,16,0,3,333133,35885,433000,0,2,3,1,0,0,0,0,0,2000000,1
361,3500000,1,0,2,153582,15000,1529000,1,2,5,2,0,0,0,0,0,4000000,2
351,1000000,2,0,4,30000,40000,0,1,1,1,4,0,0,0,0,0,100000,4
361,7104658,15,3805100,4,810637,44614,201500,0,6,7,2,7104658,15,15,3805100,1,2271500,2
311,0,20,250000,5,87000,0,0,1,1,1,1,0,0,0,0,0,6000000,1
351,1500000,8,0,3,37000,23716,2300000,0,1,2,6,0,0,0,0,0,1000000,6
351,1000000,1,0,4,182076,36317,258000,1,1,1,1,0,0,0,0,0,250000,1
332,1300000,16,0,3,200000,31000,175000,0,1,2,2,0,0,0,0,0,10590294,2
351,3000000,15,0,4,280000,40000,190000,0,2,3,2,3000000,15,20,0,1,166667,2
361,1500000,20,0,3,295000,149000,0,0,1,2,1,0,0,0,0,0,416667,1
322,19577414,16,0,2,263420,135744,2600000,0,8,8,2,19577414,16,20,0,1,685686,2
361,1968084,16,0,3,298085,94362,209000,0,1,2,1,1968084,16,20,0,1,166667,1
331,4420400,15,3000000,1,500000,91108,2000000,0,4,8,4,0,0,0,0,0,1000000,4
351,2581934,20,0,3,275132,10000,1592800,1,2,3,2,0,0,0,0,0,83333,2
351,3000000,17,10000000,1,1000000,700000,2700000,0,7,8,2,3000000,17,15,10000000,1,2085031,2
332,500000,2,0,3,100000,10000,0,1,1,1,2,0,0,0,0,0,1300779,2
351,4279800,17,0,5,241965,33432,363500,0,3,3,1,4279800,17,20,0,1,500000,1
351,0,20,4370984,3,428339,89274,467000,0,3,4,1,0,0,0,0,0,666667,1
311,4000000,1,0,2,33000,23734,348500,0,3,6,4,0,0,0,0,0,266667,1
332,500000,20,0,5,24297,34440,0,0,1,1,2,0,0,0,0,0,750000,4
351,7526500,16,0,2,651846,416429,286950,0,4,8,2,7526500,16,20,0,1,230000,2
321,5699000,15,0,5,160000,24400,0,0,3,3,3,0,0,0,0,0,6392200,2
361,2912000,15,4187800,3,150000,68700,186000,0,4,6,2,0,0,0,0,0,875000,3
361,2000000,8,4722300,3,13901,19364,98200,0,4,6,2,0,0,0,0,0,1161667,2
322,3000000,9,0,2,1071101,213948,188000,0,2,4,2,0,0,0,0,0,1131800,2
351,1000000,10,0,2,354000,50000,251880,0,1,2,1,0,0,0,0,0,666667,2
351,1000000,2,0,6,38614,52000,233000,0,1,1,3,0,0,0,0,0,989000,1
311,2000000,7,0,3,82719,371902,360000,1,2,2,3,0,0,0,0,0,1819440,3
351,4000000,15,0,2,250000,10000,390000,0,3,6,1,0,0,0,0,0,375000,3
351,3300000,17,0,5,1189164,71020,243500,0,2,2,2,0,0,0,0,0,1250000,1
361,2500000,9,0,2,487000,552067,600000,0,2,4,2,0,0,0,0,0,1982067,2
361,3000000,17,5000000,4,232000,17000,209000,0,5,6,1,3000000,17,15,5000000,1,260000,2
351,4000000,2,0,1,102500,83050,270000,0,3,8,3,0,0,0,0,0,3755430,1
332,500000,2,0,5,31000,10000,100000,1,1,1,1,0,0,0,0,0,1161467,3
361,2271500,17,0,1,100000,45489,186500,0,2,6,3,0,0,0,0,0,375000,1
351,6000000,16,0,1,500000,51000,180000,0,4,8,1,0,0,0,0,0,2424000,3
351,2000000,8,0,2,970926,87400,355500,1,2,3,1,0,0,0,0,0,333333,1
312,1000000,20,0,4,377274,15000,0,0,1,1,2,0,0,0,0,0,1125000,1
351,0,20,10590294,1,350000,0,217500,0,6,8,1,0,20,15,10590294,1,0,2
361,500000,2,0,3,15000,38398,0,1,1,1,2,0,0,0,0,0,200000,1
351,5000000,15,5000000,3,36503,10000,0,0,6,8,2,5000000,15,15,5000000,1,500000,2
361,1000000,20,1500000,6,200000,91760,199500,1,2,2,3,0,0,0,0,0,955000,2
361,4799801,20,0,7,692878,60570,231190,0,3,2,3,0,0,0,0,0,682779,3
331,500000,8,0,3,50000,23800,250000,0,1,1,1,0,0,0,0,0,500000,3
351,3000000,20,0,3,181818,0,153000,0,2,3,1,0,0,0,0,0,2875000,1
361,500000,2,0,6,31061,20000,0,0,1,1,4,0,0,0,0,0,1400000,1
351,0,20,6255092,3,449,45000,1823000,0,4,6,1,0,0,0,0,0,150000,4
361,3902338,16,0,3,248822,77744,246490,1,2,4,1,0,0,0,0,0,287500,1
351,2000000,5,0,4,336726,71420,185500,1,2,2,1,0,0,0,0,0,1975000,1
351,1000000,8,1000000,3,52600,50500,190000,0,2,2,4,0,0,0,0,0,125000,1
332,800000,8,0,3,62000,10000,0,1,1,1,6,0,0,0,0,0,1500000,4
312,1500000,20,0,2,75707,10000,200000,1,1,3,4,0,0,0,0,0,250000,6
361,460000,9,0,2,270000,95000,1800000,0,1,1,4,0,0,0,0,0,1232600,4
351,5392200,15,1000000,1,443977,450328,201500,0,4,8,1,5392200,15,20,1000000,1,4666667,4
351,3500000,3,0,4,459270,77672,0,0,2,3,4,0,0,0,0,0,2000000,1
312,2000000,9,1485000,3,150000,35268,180500,0,2,4,2,0,0,0,0,0,3273250,4
311,1000000,2,3527200,4,144284,9015,233000,0,3,3,3,1000000,2,17,3527200,1,750000,2
332,2000000,10,0,3,77000,114000,100000,1,2,2,1,0,0,0,0,0,1236980,3
351,2967000,17,0,3,227000,281000,255000,0,2,3,5,0,0,0,0,0,1000000,1
322,3638880,16,0,2,150000,0,200000,0,2,5,1,0,0,0,0,0,1333333,5
351,1000000,5,500000,4,53000,22600,170000,1,1,2,1,0,0,0,0,0,333333,1
361,5000000,15,0,4,751249,84525,149000,0,3,4,1,5000000,15,20,0,1,2030900,1
361,5946200,15,0,3,72924,0,207500,0,3,5,1,5946200,15,20,0,1,143000,1
332,800000,9,500000,5,50000,10000,350000,1,1,1,4,0,0,0,0,0,500000,1
351,3755430,16,0,1,41725,22834,192500,0,2,8,6,0,0,0,0,0,625000,4
331,3484400,15,0,3,422390,50929,0,0,2,4,6,0,0,0,0,0,500000,6
351,1500000,16,0,4,313325,53406,209000,1,1,2,3,0,0,0,0,0,3030796,6
361,4848000,15,0,2,50700,152030,182000,0,3,6,3,0,0,0,0,0,11915895,3
351,1000000,2,0,3,187000,20000,206000,1,1,1,4,0,0,0,0,0,3090550,3
344,500000,2,4000000,4,400000,10000,280000,0,3,3,4,0,0,0,0,0,1808918,4
312,0,20,600000,3,50000,0,0,0,1,1,4,0,0,0,0,0,766500,4
331,2000000,10,0,4,300000,15000,207500,0,2,2,2,0,0,0,0,0,6126300,6
332,1910000,17,0,2,503048,20000,0,1,1,3,1,0,0,0,0,0,3000000,4
351,3413893,17,0,5,340000,49174,204000,0,2,2,2,0,0,0,0,0,2843750,2
351,2000000,5,0,4,56539,21392,221000,0,2,2,6,0,0,0,0,0,3264100,1
322,3500000,17,2250000,2,345000,350000,375000,0,3,7,2,0,0,0,0,0,1000000,2
321,5600000,15,0,4,309460,50000,1200000,0,3,4,2,0,0,0,0,0,1500000,6
341,0,20,300000,2,29000,0,0,0,1,1,1,0,0,0,0,0,1500000,2
323,1000000,2,150000,4,31082,30345,0,1,1,1,2,0,0,0,0,0,2460960,2
351,7900000,15,0,4,295000,55000,3498000,0,4,5,1,0,0,0,0,0,500000,1
331,500000,2,0,4,23979,10000,252500,1,1,1,2,0,0,0,0,0,1279333,2
361,1500000,3,0,1,116297,93938,0,1,1,4,2,0,0,0,0,0,250000,1
351,1000000,2,0,4,34892,39850,246920,1,1,1,1,0,0,0,0,0,966667,2
361,1000000,2,5163000,5,119000,36000,225000,0,4,4,5,0,0,0,0,0,175000,2
361,14000000,16,0,3,250000,69000,2500000,0,8,8,1,14000000,16,20,0,1,756200,1
331,0,20,6000000,3,213000,42000,249000,0,4,6,3,0,0,0,0,0,1600000,5
351,1500000,20,5046500,2,31608,28360,193500,0,4,8,2,0,0,0,0,0,333333,1
322,1500000,2,0,2,64075,12000,0,0,1,3,1,0,0,0,0,0,4000000,3
312,3533800,15,2651100,5,102500,5000,0,0,4,4,4,0,0,0,0,0,83333,2
351,3000000,16,0,3,90405,465899,221000,0,2,3,4,0,0,0,0,0,842857,1
361,6061592,18,0,2,343251,67592,1685250,0,4,8,4,0,0,0,0,0,910450,3
323,4000000,9,0,3,780000,60150,433000,0,3,4,4,0,0,0,0,0,166667,3
331,5096851,15,4609000,4,713251,24867,2394000,0,5,6,4,5096851,15,15,4609000,1,2030900,6
351,1000000,5,0,3,81333,55425,340500,0,1,1,4,0,0,0,0,0,143000,4
331,2722600,15,5401000,4,400000,216424,368000,0,5,6,4,0,0,0,0,0,500000,6
351,1500000,1,0,3,52750,37704,225000,0,1,2,4,1500000,1,20,0,1,625000,3
311,0,20,715000,5,178515,31380,213660,1,1,1,4,0,0,0,0,0,500000,6
351,1000000,5,0,2,206000,14000,275000,1,1,2,4,0,0,0,0,0,3030796,1
344,1250000,1,0,2,50000,15000,170000,1,1,2,4,0,0,0,0,0,11915895,6
351,1500000,2,0,3,22000,20000,243000,1,1,2,4,0,0,0,0,0,3090550,3
322,6061592,18,0,2,343261,67592,1685250,0,4,8,4,0,0,0,0,0,1808918,6
351,11915895,18,0,1,379383,65164,914750,0,6,8,4,11915895,18,20,0,1,766500,6
321,6812000,15,5550200,4,215670,54384,2804750,0,7,8,4,0,0,0,0,0,6126300,3
361,5426754,18,0,3,272000,62442,400000,0,3,5,4,0,0,0,0,0,3000000,1
331,3644800,17,10000000,3,251362,30790,228640,0,7,8,4,3644800,17,15,10000000,1,2843750,3
351,4599000,15,0,6,751000,64000,149000,0,3,3,4,4599000,15,20,0,1,3264100,3
344,0,20,6126300,1,200000,214950,2958000,0,4,8,4,0,0,0,0,0,1000000,6
321,6000000,16,0,2,87000,114000,201000,0,4,8,4,0,0,0,0,0,1500000,6
351,8375000,9,3000000,4,454455,100000,400000,0,6,7,4,0,0,0,0,0,1500000,3
351,3000000,9,3528200,2,120800,64496,180700,0,4,8,4,0,0,0,0,0,2460960,6
361,0,20,2000000,2,203772,52832,0,1,2,3,4,0,0,0,0,0,500000,6
361,1500000,1,0,1,102500,10000,260000,0,1,4,4,0,0,0,0,0,1279333,6
311,3000000,20,0,2,85636,44283,207500,0,2,4,4,0,0,0,0,0,250000,5
351,7000000,20,5304800,5,1290228,80560,2300000,0,7,6,4,0,0,0,0,0,966667,6
344,1500000,5,500000,4,119989,32164,0,1,2,2,4,0,0,0,0,0,175000,3
351,0,20,3838000,3,100000,72240,160000,0,2,4,4,0,0,0,0,0,756200,6
312,1000000,2,0,4,145771,5000,603000,0,1,1,4,0,0,0,0,0,1600000,5
323,2900000,20,0,3,351000,153000,650000,0,2,3,4,0,0,0,0,0,333333,1
351,700000,20,0,4,50000,10000,245000,0,1,1,4,0,0,0,0,0,4000000,6
312,3781000,15,0,5,150000,100284,190800,0,2,3,4,0,0,0,0,0,83333,2
361,2000000,9,1200000,2,706500,90000,221000,0,2,5,4,0,0,0,0,0,842857,6
351,1000000,10,0,3,56600,42500,0,1,1,1,4,0,0,0,0,0,910450,4
351,4000000,15,4000000,2,127425,65000,200000,0,5,8,4,0,0,0,0,0,166667,3
351,500000,2,0,6,16924,12600,0,1,1,1,4,0,0,0,0,0,3333333333,4
361,5900000,16,0,7,243000,194000,253000,0,3,3,4,5900000,16,20,0,1,300000,2
331,3641800,15,0,4,105367,10000,198500,1,2,3,4,0,0,0,0,0,3670660,5
321,500000,3,0,3,38000,123371,198000,1,1,1,4,0,0,0,0,0,823625,1
461,1000000,3,0,3,50000,0,0,1,1,1,4,0,0,0,0,0,3394000,3
444,1000000,8,500000,5,250000,53000,219000,1,1,1,4,0,0,0,0,0,5500000,6
321,18353300,18,0,5,300000,28660,3994500,0,8,8,4,0,0,0,0,0,500000,2
351,0,20,3294500,4,120000,74700,219500,0,2,3,4,0,0,0,0,0,3333333333,4
343,3750000,9,3038000,2,650000,165912,3620500,0,4,8,4,0,0,0,0,0,0,0
351,8000000,15,3000000,2,658855,67012,4000000,0,6,8,4,0,0,0,0,0,150000,1
351,1000000,2,500000,3,55000,0,0,1,1,2,3,0,0,0,0,0,500000,1
351,1000000,20,0,3,154000,0,374000,1,1,1,3,0,0,0,0,0,5428571429,4
351,750000,2,0,5,292000,0,0,1,1,1,3,0,0,0,0,0,1250000,4
351,2000000,20,0,4,200000,349588,200000,0,2,2,3,0,0,0,0,0,1750000,2
351,3800000,17,0,7,37000,49000,358500,0,2,2,3,0,20,15,5096400,1,6933333333,3
361,2500000,8,0,2,197349,52348,1586000,0,2,4,3,0,0,0,0,0,3533228,1
351,3500000,1,0,2,198000,38000,189000,0,2,5,3,0,0,0,0,0,8333333333,6
351,2080000,17,0,3,485841,270524,211380,0,2,2,3,0,0,0,0,0,750000,2
351,4000000,15,3066456,2,202500,30606,350000,0,4,8,4,0,0,0,0,0,1666666667,4
351,500000,2,0,6,100000,10000,0,1,1,1,3,0,0,0,0,0,6666666667,5
351,1500000,2,0,2,25000,26250,0,1,1,3,3,0,0,0,0,0,15220713,6
351,0,20,500000,3,51500,20000,183500,1,1,1,3,0,0,0,0,0,250000,5
361,2000000,1,0,3,43139,107754,249500,0,2,2,3,0,0,0,0,0,1666666667,3
351,14321447,16,16119980,2,500000,300000,3523000,0,8,8,4,0,0,0,0,0,200000,2
361,1000000,1,0,4,35000,10000,189000,1,1,1,0,0,0,0,0,0,1500000,4
332,0,5,500000,3,22748,23166,0,1,1,1,0,0,0,0,0,0,100000,1
331,1000000,5,0,5,25613,10000,0,1,1,1,0,0,0,0,0,0,300000,2
361,4500000,16,0,3,100000,94000,400000,0,3,4,0,0,0,0,0,0,1333333333,3
332,500000,2,0,5,23000,17000,0,0,1,1,0,0,0,0,0,0,2296666667,2
332,0,20,1500000,5,214000,0,200000,0,1,1,0,0,0,0,0,0,3400000,2
351,4000000,8,0,3,160000,132200,325070,0,3,4,0,0,0,0,0,0,803000,6
331,2290000,16,4600000,3,300000,31000,188000,0,4,6,0,0,0,0,0,0,3333333333,6
323,9000000,15,8000000,5,809209,52273,1954000,0,8,8,0,0,0,0,0,0,500000,3
361,1659000,17,750000,3,89500,68322,210500,0,2,3,0,0,0,0,0,0,0,1
331,1000000,9,0,3,162269,17000,0,0,1,1,0,0,0,0,0,0,1666666667,3
361,0,3,2000000,4,63476,75000,219500,1,2,2,0,0,0,0,0,0,750000,3
331,0,2,500000,3,27715,20000,0,1,1,1,0,0,0,0,0,0,3333333333,6
351,0,10,500000,2,484751,240001,364000,1,1,3,0,0,0,0,0,0,250000,6
321,1000000,1,0,3,319889,120733,241840,0,1,1,0,0,0,0,0,0,150000,3
332,1000000,2,0,2,26000,0,0,1,1,1,0,0,0,0,0,0,1500000,6
342,500000,10,0,5,56539,20000,0,1,1,1,0,0,0,0,0,0,1666666667,6
323,750000,20,0,2,90000,0,218000,0,2,4,0,0,0,0,0,0,750000,6
332,3000000,20,1000000,6,354000,81000,200000,1,1,1,0,0,0,0,0,0,0,5
332,0,9,0,2,222856,21820,206000,1,1,3,0,0,0,0,0,0,3973700,6
341,1500000,15,3973700,1,43037,197580,217420,0,2,8,0,0,0,0,0,0,5000000,3
361,0,15,0,1,350000,49027,228130,0,3,8,0,0,0,0,0,0,525000,6
331,0,10,0,4,102413,28614,188350,0,2,2,0,0,0,0,0,0,2000000,5
342,5000000,8,0,2,168000,17600,186000,0,3,6,0,0,0,0,0,0,150000,1
332,2100000,2,0,2,50000,7500,195000,0,1,1,0,0,0,0,0,0,1500000,6
311,4000000,20,5000000,4,293004,152000,0,0,4,4,0,0,0,0,0,0,125000,2
331,300000,20,500000,4,12000,20000,0,1,1,1,0,0,0,0,0,0,1666667,6
331,1000000,2,0,3,14000,20000,0,1,1,1,0,0,0,0,0,0,425000,4
332,0,12,0,4,172541,22640,186520,0,1,2,0,0,0,0,0,0,333333,3
331,500000,2,0,3,20000,33982,221000,0,1,1,0,0,0,0,0,0,1197200,4
323,1700000,15,0,5,271000,128000,221500,0,3,4,0,0,0,0,0,0,8333333,2
323,1000000,20,500000,6,70000,10000,0,1,1,1,0,0,0,0,0,0,1816833,5
344,5986000,15,0,3,105000,43000,234500,0,3,5,0,0,0,0,0,0,1907980,1
321,0,15,5304800,5,525994,103227,355500,0,5,5,0,0,0,0,0,0,3698021,3
322,5450500,15,3314000,2,218644,133587,1500000,0,4,8,0,0,0,0,0,0,250000,6
331,4235100,20,500000,2,34000,42000,200000,1,1,1,0,0,0,0,0,0,500000,2
341,4082043,2,0,2,103000,20000,198500,0,1,2,0,0,0,0,0,0,125000,4
331,0,2,0,4,40000,5000,0,1,1,1,0,0,0,0,0,0,250000,0
332,1000000,20,1000000,4,50000,0,0,0,1,1,0,0,0,0,0,0,875000,1
331,500000,9,3500000,4,160000,1,1,1,2,3,0,0,0,0,0,0,7389425,1
321,0,16,5345700,4,1700698,431724,231190,0,8,8,0,0,0,0,0,0,250000,4
351,0,20,500000,2,22500,17000,0,1,1,1,0,0,0,0,0,0,375000,4
344,24212000,5,0,4,53172,28577,0,1,1,2,0,0,0,0,0,0,1000000,2
323,0,15,5000000,1,300000,15000,2500000,0,6,8,0,0,0,0,0,0,850000,3
342,1500000,1,0,2,100000,26000,0,1,1,3,0,0,0,0,0,0,2000000,1
342,5000000,2,0,1,100000,72000,200000,1,2,6,0,0,0,0,0,0,1117060,6
342,1700000,15,0,5,100000,60147,2085000,0,1,1,0,0,0,0,0,0,0,2
311,2000000,17,0,2,79960,70004,350000,0,3,6,0,0,0,0,0,0,2208350,4
323,558533,15,0,2,434076,46856,0,0,3,7,0,0,0,0,0,0,2824550,5
322,0,15,0,1,356979,186720,0,0,2,8,0,0,0,0,0,0,3389000,6
322,4416700,15,0,1,356979,186720,0,0,2,8,0,0,0,0,0,0,3389000,5
341,5649100,18,0,3,1,43360,2442500,0,6,8,0,0,0,0,0,0,3469684,3
321,3389000,17,0,1,391000,82000,2300000,0,2,8,0,0,0,0,0,0,3372000,2
323,3389000,16,0,4,70262,64736,162000,0,2,3,0,0,0,0,0,0,8377151,4
321,10409052,20,4000000,2,200000,0,370000,0,3,6,0,0,0,0,0,0,2000000,1
331,3372000,2,0,3,38426,10000,0,0,1,1,0,0,0,0,0,0,3333333,2
331,3350861,2,0,6,300000,0,0,1,2,1,0,0,0,0,0,0,3333333,3
322,0,2,0,4,103000,77250,194000,1,2,2,0,0,0,0,0,0,500000,2
331,1000000,15,700000,5,50000,19000,250000,0,2,3,0,0,0,0,0,0,794000,2
341,2000000,15,0,5,200000,10000,330000,0,3,3,0,0,0,0,0,0,1000000,1
321,2000000,15,6329700,5,450000,43997,875000,0,8,1,0,0,0,0,0,0,1642758,1
341,3270000,20,4600000,3,200000,10000,200000,0,4,6,0,0,0,0,0,0,2200000,6
312,5000000,15,3775579,2,149733,80330,1713000,0,5,8,0,0,0,0,0,0,4150176,2
321,82131586896,2,0,1,21284,10000,250000,0,1,3,0,0,0,0,0,0,1000000,2
331,2000000,1,0,2,59922,7314,233300,0,2,3,0,0,0,0,0,0,1098035,2
322,4524774,17,0,1,449057,125114,234250,0,2,8,0,0,0,0,0,0,3000000,4
331,1000000,5,0,5,16629,20000,147500,1,1,1,0,0,0,0,0,0,180000,6
421,2196071,20,0,6,200000,62000,250000,1,1,1,0,0,0,0,0,0,2938333,1
311,3000000,15,4000000,4,330000,93000,1900000,0,5,6,0,0,0,0,0,0,2000000,6
312,900000,20,500000,1,200000,0,200000,1,1,2,0,0,0,0,0,0,500000,5
341,1763000,16,0,4,388500,19663,2438160,0,8,8,0,0,0,0,0,0,5823951,2
341,4000000,15,0,3,147284,10000,250000,0,3,5,0,0,0,0,0,0,1666667,3
342,0,16,0,3,400000,0,335000,0,3,5,0,0,0,0,0,0,1666667,3
343,23295804,8,0,3,403220,377226,363240,0,1,2,0,0,0,0,0,0,500000,3
331,5000000,10,0,3,234529,57557,179000,0,2,2,0,0,0,0,0,0,6754053,4
342,5000000,2,0,2,150000,24846,234880,0,2,3,0,0,0,0,0,0,1000000,4
322,1500000,2,0,3,18000,10000,200000,1,1,1,0,0,0,0,0,0,1666667,3
321,2026216,20,3500000,5,235000,45000,373000,0,3,3,0,0,0,0,0,0,1026200,1
321,2000000,15,5540181,1,214157,80477,212000,0,5,8,0,0,0,0,0,0,8536423,2
312,500000,2,500000,2,22000,10500,386500,1,1,2,0,0,0,0,0,0,500000,2
322,1631000,10,0,2,170000,30000,200000,0,2,3,0,0,0,0,0,0,1000000,2
343,2996242,2,0,5,17000,10000,176000,1,1,1,0,0,0,0,0,0,200000,1
343,500000,20,0,5,68577,20000,203,1,1,1,0,0,0,0,0,0,300000,1
331,2000000,17,0,5,110000,58800,177000,0,1,1,0,0,0,0,0,0,256400,2
343,1000000,2,0,5,22500,5000,380880,1,1,1,0,0,0,0,0,0,100000,3
312,1500000,16,1000000,4,500000,164000,195000,0,3,3,0,0,0,0,0,0,1137500,3
322,1282000,20,0,5,62117,24909,0,1,1,1,0,0,0,0,0,0,200000,1
311,500000,17,6253245,4,357564,270428,271320,0,2,6,0,0,0,0,0,0,2259936,3
312,3550000,15,4235100,3,56039,76286,500020,0,5,8,0,0,0,0,0,0,3268467,2
322,1000000,3,0,5,1371585,12360,500000,0,3,3,0,0,0,0,0,0,800000,4
322,2786500,20,0,4,276000,37800,0,1,1,1,0,0,0,0,0,0,62500,1
312,5570300,1,0,2,159000,56000,177000,1,2,4,0,0,0,0,0,0,1250000,2
351,4000000,20,4399466,3,420000,47000,214000,0,3,4,0,0,0,0,0,0,14664886,1
351,250000,16,0,3,1047263,79693,233000,0,8,8,0,0,0,0,0,0,7536717,2
351,2500000,20,150000,3,200000,92669,373130,0,1,1,0,0,0,0,0,0,50000,1
311,0,17,4000000,2,10222825,623840,5000000,0,5,8,0,0,0,0,0,0,4250000,1
311,22610151,17,0,2,350000,222885,250000,0,2,5,0,0,0,0,0,0,1871750,4
312,0,16,500000,3,110000,85000,250000,0,3,4,0,0,0,0,0,0,1333333,1
331,4500000,20,500000,2,135348,22708,0,0,1,1,0,0,0,0,0,0,250000,5
321,3743500,16,0,2,193336,38650,200000,0,2,5,0,0,0,0,0,0,1914943,4
312,3500000,9,0,2,200000,73328,424000,0,3,6,0,0,0,0,0,0,2100000,1
321,0,17,6081200,7,113103,218600,267910,0,5,4,0,0,0,0,0,0,1229842,1
342,3829886,15,8000000,2,150000,77190,250000,0,8,8,0,0,0,0,0,0,8000000,5
341,4200000,1,500000,3,304876,30020,250000,0,3,4,0,0,0,0,0,0,1356456,4
322,2527700,20,3808300,2,50000,25000,356900,0,2,5,0,0,0,0,0,0,1904150,1
323,8000000,17,5059700,4,373259,14636,267910,0,4,5,0,0,0,0,0,0,1714925,3
321,3569370,15,0,5,151246,33616,0,0,3,3,0,0,0,0,0,0,891260,2
361,0,1,0,4,35000,0,0,1,1,1,0,0,0,0,0,0,125000,2
341,1800000,1,0,4,79000,10926,0,0,2,2,0,0,0,0,0,0,639250,2
351,4456300,10,0,2,31000,32640,0,1,1,1,0,0,0,0,0,0,150000,2
341,500000,17,0,4,377774,17445,240000,0,2,3,0,0,0,0,0,0,333333,2
343,2557000,2,0,5,55000,10000,0,1,1,1,0,0,0,0,0,0,150000,1
322,0,3,3500000,3,468000,24000,217500,0,3,5,0,0,0,0,0,0,1583333,3
323,0,3,0,2,88669,30532,0,1,1,2,0,0,0,0,0,0,500000,1
311,500000,11,5024600,3,264722,146600,265000,0,8,8,0,0,0,0,0,0,5728003,3
323,3500000,15,0,4,150000,11125,200140,0,3,4,0,0,0,0,0,0,1168031,1
342,750000,17,0,6,307376,20000,0,1,2,2,0,0,0,0,0,0,625000,2
332,1250000,5,0,2,102500,19791,0,1,1,1,0,0,0,0,0,0,250000,1
331,1000000,2,0,2,250000,49070,217000,0,1,1,0,0,0,0,0,0,250000,1
323,12159410,10,0,7,67701,31900,215000,1,1,1,0,0,0,0,0,0,107142,3
322,4672124,1,0,2,300000,0,0,1,1,3,0,0,0,0,0,0,750000,2
323,3750000,3,0,2,38800,73580,300000,0,2,4,0,0,0,0,0,0,1250000,3
322,500000,5,0,5,30000,10000,0,1,1,1,0,0,0,0,0,0,150000,2
332,500000,5,0,3,154000,5000,0,0,2,2,0,0,0,0,0,0,666667,6
332,750000,20,350000,4,47000,8568,0,0,1,1,0,0,0,0,0,0,87500,6
332,1500000,2,0,5,66167,20000,0,1,1,1,0,0,0,0,0,0,50000,1
442,2500000,3,0,5,103000,33040,191750,1,1,1,0,0,0,0,0,0,100000,1
323,750000,2,0,5,35000,2000,175000,1,1,1,0,0,0,0,0,0,100000,3
351,2000000,2,0,1,15267,10000,0,0,2,6,0,0,0,0,0,0,2000000,6
361,0,2,0,1,52000,10000,250000,0,1,4,0,0,0,0,0,0,1500000,1
452,250000,9,0,3,259023,44549,200000,0,2,2,0,0,0,0,0,0,666667,1
452,500000,10,0,2,209721,38306,330500,0,1,1,0,0,0,0,0,0,179288,1
412,500000,20,1200000,5,139847,55220,0,0,1,1,0,0,0,0,0,0,240000,1
412,2000000,15,4350000,3,709194,24300,194500,0,5,8,0,0,0,0,0,0,2968733,1
